id,name,short_name,parent_id,level,sort_order,is_root,head_id,is_active,created_at,updated_at
CAAE68C7-75B5-4159-9A44-60ACEDAC55E1,Công ty Cổ phần Dịch vụ Cơ khí Hàng Hải PTSC,PTSC,,0,1,1,,1,2026-04-24 14:03:31.190,2026-04-24 14:03:31.190
B2F66E2D-F858-453A-A258-E76BD2482BE8,A Corporation,ITL Corporation,,0,1,1,,1,2025-04-07 18:07:54.617,2025-04-07 18:08:34.733
B9BCCDA8-5021-4279-9D5C-B218C2B589C2,Công ty Hải Lưu,HAI_LUU,,0,2,1,,1,2026-04-24 14:03:31.190,2026-04-24 14:03:31.190
D9AE0E0D-79EB-4E02-A218-20D19597738A,Công ty Hải Thanh,HAI_THANH,,0,3,1,,1,2026-04-24 14:03:31.190,2026-04-24 14:03:31.190
E4610C62-DF31-4057-B70A-C3ED4177CF42,VNRESOURCE,VNR,,0,5561,0,,1,2025-04-14 10:17:14.443,2025-12-23 10:36:45.737
B292F6B3-DFFF-4EE4-8469-329F0C83B9F1,Vnr_checkapi,Vnr_checkapi,,0,5565,1,,1,2025-06-10 16:43:11.537,2025-06-10 16:43:11.537
EF812F8D-7433-45B0-AC41-D7C17B409F9D,Vnr_CheckPB2,ts,,0,5581,0,,1,2026-01-31 10:52:43.103,2026-01-31 10:52:43.103
28417616-C10E-4B12-BD17-067813648B23,PB_VNR_CHECK05,vnrcheck09,,0,5582,0,,1,2026-02-02 09:36:58.177,2026-02-02 09:36:58.177
965E7D9F-3D12-4E22-B1A7-192C27759E2C,ádas,ádasd,,0,5586,0,,1,2026-04-24 10:21:18.600,2026-04-24 10:21:18.600
0CCDF3FE-71E1-4307-BC14-F1CFE5239967,Tổ Thiết kế Thi công,PTSC_KTSX_TDTC,,0,1001001001,0,,1,2026-04-24 14:03:31.190,2026-04-24 14:03:31.190
91FDA7E6-9CA5-4948-8137-AF4DC1531BB3,Tổ Kỹ thuật Sản xuất,PTSC_KTSX_KTSX,,0,1001001002,0,,1,2026-04-24 14:03:31.190,2026-04-24 14:03:31.190
F37A7281-0564-4F35-AB2F-43A37D42C4C2,Tổ Hoàn thiện và Chạy thử,PTSC_KTSX_HTCT,,0,1001001003,0,,1,2026-04-24 14:03:31.190,2026-04-24 14:03:31.190
7C4DEDC7-F627-4905-B213-3C6BE525FF4A,Tổ Xây dựng Cơ bản,PTSC_KTSX_XDCB,,0,1001001004,0,,1,2026-04-24 14:03:31.190,2026-04-24 14:03:31.190
47C7262B-C20E-408F-94E6-96BE286D2A8A,Tổ Kỹ thuật,PTSC_KTSX_KT,,0,1001001005,0,,1,2026-04-24 14:03:31.190,2026-04-24 14:03:31.190
ABFE123A-0ADB-425B-9DB6-853F017E65FA,Tổ Triển khai Bản vẽ Thi công,PTSC_KTSX_TKBV,,0,1001001006,0,,1,2026-04-24 14:03:31.190,2026-04-24 14:03:31.190
AAE0CFA4-9C54-4776-9AD6-7A6D39ECC02C,Tổ Định mức Sản xuất,PTSC_KTSX_DMSX,,0,1001001007,0,,1,2026-04-24 14:03:31.190,2026-04-24 14:03:31.190
1C7DFCF4-B2E9-4BD6-99D3-2F6E0121A31F,Tổ Chạy thử và Hoàn thiện,PTSC_KTSX_CTHT,,0,1001001008,0,,1,2026-04-24 14:03:31.190,2026-04-24 14:03:31.190
33FB1A91-DCBD-4E6D-BD42-D41538238425,Tổ Cơ khí Đường ống,PTSC_KTSX_CKDOP,,0,1001001009,0,,1,2026-04-24 14:03:31.190,2026-04-24 14:03:31.190
D4FDBF7B-E3E7-47F0-B720-D9C1FF30128D,Tổ Điện Điều Khiển,PTSC_KTSX_DDK,,0,1001001010,0,,1,2026-04-24 14:03:31.190,2026-04-24 14:03:31.190
C18E4192-1223-4A44-BE2D-9DD85033B41E,Tổ Hàng hải,PTSC_KTSX_HH,,0,1001001011,0,,1,2026-04-24 14:03:31.190,2026-04-24 14:03:31.190
BAF90ED2-02E1-4E85-A0F7-9AC63FB54038,Tổ Kết Cấu,PTSC_KTSX_KC,,0,1001001012,0,,1,2026-04-24 14:03:31.190,2026-04-24 14:03:31.190
1618CCFC-EDE0-4E90-9CC5-EB656DC219E2,Tổ Quản lý - Phát triển Sản phẩm và Dịch vụ mới,PTSC_KTSX_QPSPDN,,0,1001001013,0,,1,2026-04-24 14:03:31.190,2026-04-24 14:03:31.190
72FEFF47-4C8F-4213-B1D3-76D73DEE3525,Tổ Xây dựng Trang trí và Định mức,PTSC_KTSX_XDTTDM,,0,1001001014,0,,1,2026-04-24 14:03:31.190,2026-04-24 14:03:31.190
F6DDC227-ACAB-4C52-9410-BA4233F337DA,Tổ Xây Dựng Trang Trí,PTSC_KTSX_XDTT,,0,1001001015,0,,1,2026-04-24 14:03:31.190,2026-04-24 14:03:31.190
5FC49172-76CE-4A9C-B62D-E776664E7EA8,Tổ Công nghệ,PTSC_KTSX_CN,,0,1001001016,0,,1,2026-04-24 14:03:31.190,2026-04-24 14:03:31.190
7063DC7F-24DA-47B1-BF62-4FDF990EBB7A,Tổ An toàn,PTSC_ATSKMT_AT,,0,1001002001,0,,1,2026-04-24 14:03:31.190,2026-04-24 14:03:31.190
8691C84F-8C49-4045-8EEB-6998766AF887,Tổ Hệ thống ISO,PTSC_ATSKMT_ISO,,0,1001002002,0,,1,2026-04-24 14:03:31.190,2026-04-24 14:03:31.190
9B8D6654-AE21-4076-B73D-72DEA9AA10B2,Tổ Y tế Môi trường,PTSC_ATSKMT_YTMT,,0,1001002003,0,,1,2026-04-24 14:03:31.190,2026-04-24 14:03:31.190
B4440A21-AF5A-42F6-9DA4-FCCBDFE1B6E3,Tổ Bảo dưỡng Sửa chữa,PTSC_ATCL_BDSC,,0,1001003001,0,,1,2026-04-24 14:03:31.190,2026-04-24 14:03:31.190
5919933E-CED5-4AC4-9164-9501521BBC2C,Tổ Giám sát Kỹ thuật,PTSC_ATCL_GSKT,,0,1001003002,0,,1,2026-04-24 14:03:31.190,2026-04-24 14:03:31.190
D240B3F8-64DF-4B95-8F9A-FC5E402A1601,Tổ Quản Lý Trang Thiết Bị,PTSC_ATCL_QLTB,,0,1001003003,0,,1,2026-04-24 14:03:31.190,2026-04-24 14:03:31.190
426B6F58-1451-4C80-8667-D70D27672B8D,Tổ Công Nghệ Hàn và NDT,PTSC_ATCL_CNHNDT,,0,1001003004,0,,1,2026-04-24 14:03:31.190,2026-04-24 14:03:31.190
DC3EE49B-EBC7-4B91-A05A-51E338CBEC71,Tổ Điện Điều Khiển,PTSC_ATCL_DDK,,0,1001003005,0,,1,2026-04-24 14:03:31.190,2026-04-24 14:03:31.190
BD64994B-D86D-4310-A8B8-6E641BAE0C8E,Tổ HSE,PTSC_ATCL_HSE,,0,1001003006,0,,1,2026-04-24 14:03:31.190,2026-04-24 14:03:31.190
4DAD4D95-FD52-41C2-BF56-2992F6B8D10D,Tổ Kết cấu,PTSC_ATCL_KC,,0,1001003007,0,,1,2026-04-24 14:03:31.190,2026-04-24 14:03:31.190
BBC52FC9-27E5-43D5-A1D1-DF7CA212B396,Tổ QC,PTSC_ATCL_QC,,0,1001003008,0,,1,2026-04-24 14:03:31.190,2026-04-24 14:03:31.190
C9F5805E-7C98-4C00-8F53-7D93692452D7,Tổ Tổng hợp,PTSC_HCTH_TH,,0,1001004001,0,,1,2026-04-24 14:03:31.190,2026-04-24 14:03:31.190
95EE9778-964E-4F18-AB1F-26F1439A7F32,Tổ Lái xe,PTSC_HCTH_LX,,0,1001004002,0,,1,2026-04-24 14:03:31.190,2026-04-24 14:03:31.190
EBC80516-44E2-4665-8148-DDE7355C983F,Tổ Kiểm soát Kỷ luật Lao động,PTSC_HCTH_KSKLLD,,0,1001004003,0,,1,2026-04-24 14:03:31.190,2026-04-24 14:03:31.190
D751C873-CF17-4E5C-9989-E3F2039D63B1,Tổ Công nghệ Thông tin và Quản lý Dữ liệu,PTSC_HCTH_CNTTQLDL,,0,1001004004,0,,1,2026-04-24 14:03:31.190,2026-04-24 14:03:31.190
EA70A0C5-1B08-4702-A337-37B3A05027EA,Tổ Hành Chính,PTSC_HCTH_HC,,0,1001004005,0,,1,2026-04-24 14:03:31.190,2026-04-24 14:03:31.190
6B6DBF52-7D25-41CE-8C61-85663A45FED9,Tổ Đầu tư,PTSC_KH_DT,,0,1001005001,0,,1,2026-04-24 14:03:31.190,2026-04-24 14:03:31.190
F5A093B8-6016-45AE-B64A-4386D5A861B5,Tổ Kế hoạch,PTSC_KH_KH,,0,1001005002,0,,1,2026-04-24 14:03:31.190,2026-04-24 14:03:31.190
CE5A8D08-5B99-4119-AAF2-95C3D4661A29,Tổ Mua sắm,PTSC_KH_MS,,0,1001005003,0,,1,2026-04-24 14:03:31.190,2026-04-24 14:03:31.190
2B4C19C5-6ECA-4F51-B8DE-C562E7EC4C17,Tổ Quản lý Vật tư - Kho,PTSC_KH_QLVTK,,0,1001005004,0,,1,2026-04-24 14:03:31.190,2026-04-24 14:03:31.190
CBD043A3-A4A5-4CE7-AF4E-68D3A28D4A37,Tổ Dự thầu,PTSC_PTKD_DT,,0,1001006001,0,,1,2026-04-24 14:03:31.190,2026-04-24 14:03:31.190
EC3D11B6-1524-41F4-8C08-A73DE9E6EB33,Tổ Kiểm soát Chi phí,PTSC_PTKD_KSCP,,0,1001006002,0,,1,2026-04-24 14:03:31.190,2026-04-24 14:03:31.190
0AC2120B-3460-400C-B552-BF7FCFE36863,Tổ Phát triển Kinh doanh,PTSC_PTKD_PTKD,,0,1001006003,0,,1,2026-04-24 14:03:31.190,2026-04-24 14:03:31.190
53069535-7A2E-4982-9866-06E3128F9D87,Tổ Pháp chế,PTSC_PTKD_PC,,0,1001006004,0,,1,2026-04-24 14:03:31.190,2026-04-24 14:03:31.190
269D00FA-EB35-46C1-8F66-63838FE2D82F,Tổ Chất lượng Tổng hợp,PTSC_QLCL_CLTH,,0,1001007001,0,,1,2026-04-24 14:03:31.190,2026-04-24 14:03:31.190
4460907C-02E7-4A48-9E65-0E2F00259089,Tổ Cơ khí Đường ống,PTSC_QLCL_CKDOP,,0,1001007002,0,,1,2026-04-24 14:03:31.190,2026-04-24 14:03:31.190
F21B5045-8C3A-4666-AC44-90BAF1D2A339,Tổ Điện Điều Khiển,PTSC_QLCL_DDK,,0,1001007003,0,,1,2026-04-24 14:03:31.190,2026-04-24 14:03:31.190
3B8AD435-5B73-4738-820E-9F01422E413E,Tổ Hàn và NDT,PTSC_QLCL_HNDT,,0,1001007004,0,,1,2026-04-24 14:03:31.190,2026-04-24 14:03:31.190
7B847474-F8B6-4DE3-8359-62BED40C7D4B,Tổ Kết cấu,PTSC_QLCL_KC,,0,1001007005,0,,1,2026-04-24 14:03:31.190,2026-04-24 14:03:31.190
BBD1711D-235D-4E44-9C38-558AFBDAFC43,Tổ Kích thước,PTSC_QLCL_KT,,0,1001007006,0,,1,2026-04-24 14:03:31.190,2026-04-24 14:03:31.190
5DCE7310-F12A-4525-94E3-FDE59D9A6432,Tổ Sơn,PTSC_QLCL_SON,,0,1001007007,0,,1,2026-04-24 14:03:31.190,2026-04-24 14:03:31.190
C2DAC091-C539-4DCC-92DB-B3658B16733B,Tổ Vật tư - Thiết bị,PTSC_QLCL_VTTB,,0,1001007008,0,,1,2026-04-24 14:03:31.190,2026-04-24 14:03:31.190
70C74E29-AEA7-4E07-9176-0396D57A8D24,Tổ Vật tư Thiết bị,PTSC_QLCL_VTTB2,,0,1001007009,0,,1,2026-04-24 14:03:31.190,2026-04-24 14:03:31.190
5E426C1D-DCA0-4845-8011-3B5F76420F86,Tổ Kế toán Dự án,PTSC_TCKT_KTDA,,0,1001008001,0,,1,2026-04-24 14:03:31.190,2026-04-24 14:03:31.190
392CB7EA-6BB5-4530-BD55-740789DF2630,Tổ Kế toán Thanh toán,PTSC_TCKT_KTTT,,0,1001008002,0,,1,2026-04-24 14:03:31.190,2026-04-24 14:03:31.190
25B3EFF6-E849-4D1A-B210-BDF0CAD67521,Tổ Tổng hợp - Thuế,PTSC_TCKT_THTHUE,,0,1001008003,0,,1,2026-04-24 14:03:31.190,2026-04-24 14:03:31.190
3A08F76E-463C-4F19-AE8A-359EF2A389A1,Tổ Vật tư - Tài sản - Kho Quỹ,PTSC_TCKT_VTTAKQ,,0,1001008004,0,,1,2026-04-24 14:03:31.190,2026-04-24 14:03:31.190
E94B1A11-517A-4EB0-9FE1-F491ED85C994,Tổ Cơ khí,PTSC_TK_CK,,0,1001009001,0,,1,2026-04-24 14:03:31.190,2026-04-24 14:03:31.190
B3623279-4F93-4C61-9DBA-BB502B47970C,Tổ Công nghệ,PTSC_TK_CN,,0,1001009002,0,,1,2026-04-24 14:03:31.190,2026-04-24 14:03:31.190
C8925C74-9794-41B4-A1A9-D54A06011D16,Tổ Điện,PTSC_TK_D,,0,1001009003,0,,1,2026-04-24 14:03:31.190,2026-04-24 14:03:31.190
88B83332-6F6E-47B3-8D50-025ABE1E94A9,Tổ Điều khiển Tự động,PTSC_TK_DKTD,,0,1001009004,0,,1,2026-04-24 14:03:31.190,2026-04-24 14:03:31.190
D5B0E30F-A403-4F49-93F0-D100C619F509,Tổ Đường ống,PTSC_TK_DOP,,0,1001009005,0,,1,2026-04-24 14:03:31.190,2026-04-24 14:03:31.190
17EC39AA-38D6-4366-9150-8BA9B9184149,Tổ Đường ống ngầm,PTSC_TK_DOPN,,0,1001009006,0,,1,2026-04-24 14:03:31.190,2026-04-24 14:03:31.190
E0A5F01F-B18F-4D55-85F5-56EA0D3C7C33,Tổ Kết Cấu Xây dựng,PTSC_TK_KCXD,,0,1001009007,0,,1,2026-04-24 14:03:31.190,2026-04-24 14:03:31.190
B5431E73-3456-45C9-893E-99BDBD0AD520,Tổ Phát triển Sản phẩm mới,PTSC_TK_PTSPM,,0,1001009008,0,,1,2026-04-24 14:03:31.190,2026-04-24 14:03:31.190
39280324-EEFC-4274-BEAB-73C10C5C9609,Tổ Triển khai Bản vẽ,PTSC_TK_TKBV,,0,1001009009,0,,1,2026-04-24 14:03:31.190,2026-04-24 14:03:31.190
83657762-B743-499E-8307-8D013DF2FFA9,Tổ Cơ khí Đường ống,PTSC_TK_CKDOP,,0,1001009010,0,,1,2026-04-24 14:03:31.190,2026-04-24 14:03:31.190
8CF620B8-C990-4624-82AB-1980FBE424E2,Tổ Pháp chế,PTSC_TM_PC,,0,1001010001,0,,1,2026-04-24 14:03:31.190,2026-04-24 14:03:31.190
C2B00230-A313-4E43-9FC5-7C8030A0FB94,Tổ Dịch vụ Hậu cần,PTSC_TM_DVHC,,0,1001010002,0,,1,2026-04-24 14:03:31.190,2026-04-24 14:03:31.190
9D9A7B31-90EE-4BD5-87B4-192F4CAD7922,Tổ Kinh tế Hợp đồng,PTSC_TM_KTHD,,0,1001010003,0,,1,2026-04-24 14:03:31.190,2026-04-24 14:03:31.190
32F5C043-4A6B-4E17-BBE2-F7F880867843,A Holding,1,B2F66E2D-F858-453A-A258-E76BD2482BE8,1,2,0,,1,2025-09-15 17:03:36.897,2025-09-15 17:03:36.897
90272449-8F8A-45AC-ADB1-A60977B8ECC4,A AVS,2,B2F66E2D-F858-453A-A258-E76BD2482BE8,1,3,0,,1,2025-09-15 17:03:36.897,2025-09-15 17:03:36.897
44033711-2D6D-4BC3-A755-0195B2F5541E,A FM,3,B2F66E2D-F858-453A-A258-E76BD2482BE8,1,4,0,,1,2025-09-15 17:03:36.897,2025-09-15 17:03:36.897
980615EC-BDF9-4332-8506-F14245C932F4,A LOG,4,B2F66E2D-F858-453A-A258-E76BD2482BE8,1,5,0,,1,2025-09-15 17:03:36.897,2025-09-16 09:46:01.963
CCA9D2F7-BBAC-4BBD-932C-186C18298CCC,A Digitalization,ITL Digitalization,B2F66E2D-F858-453A-A258-E76BD2482BE8,1,6,0,,1,2025-09-15 17:03:36.897,2025-11-18 14:56:41.180
B46D99F1-185E-49F3-B212-2556F3F04993,Others,6,B2F66E2D-F858-453A-A258-E76BD2482BE8,1,7,0,,1,2025-09-15 17:03:36.897,2025-09-15 17:03:36.897
5B6FF04E-EDA7-4863-A128-BFE8E667E7E4,Phòng Ban,PTSC_PB,CAAE68C7-75B5-4159-9A44-60ACEDAC55E1,1,1001,0,,1,2026-04-24 14:03:31.190,2026-04-24 14:03:31.190
BDA36FD1-7DEF-40EF-91B0-55A9198D06DF,Huyên_PB_Unit,Huyên3,E4610C62-DF31-4057-B70A-C3ED4177CF42,1,2000,0,,1,2025-03-03 14:21:40.387,2026-01-13 11:28:39.263
3F4ED68B-A8CD-4E07-BE26-7822FCA30D14,NC1: Holding,VNR1,E4610C62-DF31-4057-B70A-C3ED4177CF42,1,5562,0,,1,2025-04-14 10:24:12.720,2026-01-09 10:54:54.423
687D730F-9D10-4773-8BAB-CA7D82126C20,NC2: AVS,VNR2,E4610C62-DF31-4057-B70A-C3ED4177CF42,1,5563,0,,1,2025-04-14 10:25:27.983,2026-01-09 10:53:39.570
FDA0711D-17BF-40D8-8077-536F232D31AA,CÔNG TY CỔ PHẦN TẬP ĐOÀN A,1.1,32F5C043-4A6B-4E17-BBE2-F7F880867843,2,8,0,,1,2025-09-15 17:12:57.593,2025-09-26 14:16:35.460
2FBB9447-087E-4190-83D5-F0406BB06BE6,Công ty TNHH Air Cargo Logistics Việt Nam,2.1,90272449-8F8A-45AC-ADB1-A60977B8ECC4,2,9,0,,1,2025-09-15 17:12:57.593,2025-09-15 17:12:57.593
EF4C116B-BED0-4561-9A63-803BF4C64C75,Indo Trans Logistics (Cambodia) Co. Ltd,2.2,90272449-8F8A-45AC-ADB1-A60977B8ECC4,2,10,0,,1,2025-09-15 17:12:57.593,2025-09-15 17:12:57.593
BA8FE9D5-A007-4901-A1F3-F526A4F91142,Công ty TNHH Dịch vụ Đông Dương,2.3,90272449-8F8A-45AC-ADB1-A60977B8ECC4,2,11,0,,1,2025-09-15 17:12:57.593,2025-09-15 17:12:57.593
2321B0B2-86E1-418C-A9BB-EEFCD63098EB,CÔNG TY CỔ PHẦN A AVIATION LOGISTICS,2.4,90272449-8F8A-45AC-ADB1-A60977B8ECC4,2,12,0,,1,2025-09-15 17:12:57.593,2025-09-15 17:12:57.593
9DA87B93-62F7-4059-84C6-E85ACE464DC2,Chi Nhánh Công ty Cổ Phần Giao Nhận & Vận Chuyển In Đô Trần - Lào,2.5,90272449-8F8A-45AC-ADB1-A60977B8ECC4,2,13,0,,1,2025-09-15 17:12:57.593,2025-09-15 17:12:57.593
7853BC85-253D-4DD7-901D-11F09F138DFD,Indo Trans Logistics (Myanmar) Co. Ltd,2.6,90272449-8F8A-45AC-ADB1-A60977B8ECC4,2,14,0,,1,2025-09-15 17:12:57.593,2025-09-15 17:12:57.593
5FB9DCEC-65C1-4E8D-8C61-ED03E40F095D,CÔNG TY TNHH VIET AIR CONSOL,2.7,90272449-8F8A-45AC-ADB1-A60977B8ECC4,2,15,0,,1,2025-09-15 17:12:57.593,2025-09-15 17:12:57.593
BF4DDFAC-D5EB-4904-8BD4-A8B389FBF99C,Indo Trans Logistics (Cambodia) Co. Ltd,3.1,44033711-2D6D-4BC3-A755-0195B2F5541E,2,16,0,,1,2025-09-15 17:12:57.593,2025-09-15 17:12:57.593
D8724D9B-E6B5-4E94-B606-08C99C49F4DE,Chi nhánh Yên Viên - Công ty Cổ Phần Giao Nhận và Vận Chuyển Indo Trần,3.2,44033711-2D6D-4BC3-A755-0195B2F5541E,2,17,0,,1,2025-09-15 17:12:57.593,2025-09-15 17:12:57.593
2DE17DA2-3A17-416B-AA5D-505293A34E73,Công ty TNHH Giao Nhận Viet Trans Link (Cambodia),3.3,44033711-2D6D-4BC3-A755-0195B2F5541E,2,18,0,,1,2025-09-15 17:12:57.593,2025-09-15 17:12:57.593
E2518E86-5EC6-4AB0-9443-F4E5949B1508,THỰC TẬP SINH,3.4,44033711-2D6D-4BC3-A755-0195B2F5541E,2,19,0,,1,2025-09-15 17:12:57.593,2025-09-15 17:12:57.593
DA953BEE-3DDC-457D-86AC-9164245A9749,Công ty TNHH Dịch vụ Giao nhận Hoàng Minh,3.5,44033711-2D6D-4BC3-A755-0195B2F5541E,2,20,0,,1,2025-09-15 17:12:57.593,2025-12-10 16:40:23.907
C8CBB9CE-2452-42BE-9AEB-D5B977973014,Chi nhánh Hà Nội - Công ty TNHH Dịch Vụ Giao Nhận Bảo Hân,3.6,44033711-2D6D-4BC3-A755-0195B2F5541E,2,21,0,,1,2025-09-15 17:12:57.593,2025-09-15 17:12:57.593
A445711C-93B9-4001-96B3-207C46087C9D,CÔNG TY CỔ PHẦN A FREIGHT MANAGEMENT,3.7,44033711-2D6D-4BC3-A755-0195B2F5541E,2,22,0,,1,2025-09-15 17:12:57.593,2025-09-15 17:12:57.593
8BD41748-7A69-4D4D-BDF8-AFD0BB295D0B,CÔNG TY CỔ PHẦN A FREIGHT MANAGEMENT - CHI NHÁNH MIỀN BẮC,3.8,44033711-2D6D-4BC3-A755-0195B2F5541E,2,23,0,,1,2025-09-15 17:12:57.593,2025-09-15 17:12:57.593
559B2F89-B685-4558-B4E3-7FC462E28435,Công ty Cổ phần SEINO-A Logistics,4.1,980615EC-BDF9-4332-8506-F14245C932F4,2,24,0,,1,2025-09-15 17:12:57.593,2025-09-15 17:12:57.593
A93306F5-2F94-4033-BE4F-02AEEB70D146,Công Ty TNHH A Bình Dương,4.2,980615EC-BDF9-4332-8506-F14245C932F4,2,25,0,,1,2025-09-15 17:12:57.593,2025-09-15 17:12:57.593
DE917997-1CB4-4772-9334-6D2BFA4DB7EC,Công Ty Cổ Phần A Logistics,4.3,980615EC-BDF9-4332-8506-F14245C932F4,2,26,0,,1,2025-09-15 17:12:57.593,2025-12-10 12:22:31.383
1F4B31EB-1CDA-453D-AB29-DBDC4A2E5711,Chi Nhánh Công Ty Cổ Phần A Logistics tại Miền Trung,4.4,980615EC-BDF9-4332-8506-F14245C932F4,2,27,0,,1,2025-09-15 17:12:57.593,2025-09-15 17:12:57.593
7CF0B72B-59DE-44CF-9089-0B8C86DE770C,Chi Nhánh Công Ty Cổ Phần A Logistics tại Phía Bắc,4.5,980615EC-BDF9-4332-8506-F14245C932F4,2,28,0,,1,2025-09-15 17:12:57.593,2025-09-15 17:12:57.593
77658BB0-8295-4BDD-84A3-9E5CC0A2E7E2,CÔNG TY CỔ PHẦN INTEGRATED LOGISTICS VELA,5.1,CCA9D2F7-BBAC-4BBD-932C-186C18298CCC,2,29,0,,1,2025-09-15 17:12:57.593,2025-09-15 17:12:57.593
9E23BE3E-BD10-4902-ACFD-05D8C40BF237,CÔNG TY TNHH LOGISTICS TECHHUB,5.2,CCA9D2F7-BBAC-4BBD-932C-186C18298CCC,2,30,0,,1,2025-09-15 17:12:57.593,2026-01-21 15:27:06.397
D772DFFF-F026-4CE8-A874-C308C4964DE0,CÔNG TY TNHH THƯƠNG MẠI DỊCH VỤ KỸ THUẬT TECHCOM,6.1,B46D99F1-185E-49F3-B212-2556F3F04993,2,31,0,,1,2025-09-15 17:12:57.593,2025-09-15 17:12:57.593
2DD06377-E03A-4E7A-822B-EDC45D717CB6,Legal Entity 2,Legal Entity 2,3F4ED68B-A8CD-4E07-BE26-7822FCA30D14,2,1000,0,,1,2025-04-14 10:34:28.577,2025-05-27 17:51:33.390
8A558BD7-B0E5-4FBC-A4F3-FA7C005489B8,Legal Entity 3,Legal Entity 3,3F4ED68B-A8CD-4E07-BE26-7822FCA30D14,2,1001,0,,1,2025-04-14 10:34:28.577,2026-01-20 11:58:10.557
D05A6C71-55DF-4589-9927-59A5A423DCA2,Legal Entity 4,Legal Entity 4,3F4ED68B-A8CD-4E07-BE26-7822FCA30D14,2,1002,0,,1,2025-04-14 10:34:28.577,2025-05-27 17:51:33.390
CA982639-E238-498B-9F13-E69454870FBB,Huyên_PB_Division,Huyên4,BDA36FD1-7DEF-40EF-91B0-55A9198D06DF,2,2001,0,,1,2025-03-03 14:24:20.670,2026-02-11 16:40:32.350
AA7C58A6-42A8-444C-9F53-1CCE65AE9403,Legal Entity 1,VNR3,3F4ED68B-A8CD-4E07-BE26-7822FCA30D14,2,5564,0,,1,2025-04-14 10:28:45.570,2025-06-04 16:30:20.063
887EFB70-493C-4607-81AA-95F1FF6C4CC1,Đầu tư,LV1.1,FDA0711D-17BF-40D8-8077-536F232D31AA,3,32,0,,1,2025-09-15 17:20:16.743,2025-09-26 13:48:10.200
5FBEC557-14F2-404B-9E7F-407A80A23275,Bộ phận An toàn lao động,LV1.2,FDA0711D-17BF-40D8-8077-536F232D31AA,3,33,0,,1,2025-09-15 17:20:16.743,2025-09-15 17:20:16.743
CF452674-24EB-4973-A601-58AEFEF714BD,"Bộ phận Hành chánh, Nhân sự",LV1.3,FDA0711D-17BF-40D8-8077-536F232D31AA,3,34,0,,1,2025-09-15 17:20:16.743,2026-01-22 11:45:21.933
67EBAF69-012D-4E8C-91DB-65910DC0AFB5,Bộ phận Thu mua,LV1.4,FDA0711D-17BF-40D8-8077-536F232D31AA,3,35,0,,1,2025-09-15 17:20:16.743,2025-09-15 17:20:16.743
44E02855-97E1-4568-A6EF-94E06EF9288B,Bộ phận Tài chánh kế toán,LV1.5,FDA0711D-17BF-40D8-8077-536F232D31AA,3,36,0,,1,2025-09-15 17:20:16.743,2025-09-15 17:20:16.743
F0E69642-2F08-474B-A2B2-E8C4C2B670CC,Khối FM - Products & Services,LV1.15,FDA0711D-17BF-40D8-8077-536F232D31AA,3,37,0,,1,2025-09-15 17:20:16.743,2025-09-15 17:20:16.743
D9E1CA11-0D47-400C-A179-701634409975,Bộ phận Đường sắt Logistics,LV1.16,FDA0711D-17BF-40D8-8077-536F232D31AA,3,38,0,,1,2025-09-15 17:20:16.743,2025-09-15 17:20:16.743
9A1A3B06-C3DC-43F1-802C-0E1C5766934F,Bộ phận ICT,LV1.27,FDA0711D-17BF-40D8-8077-536F232D31AA,3,39,0,,1,2025-09-15 17:20:16.743,2025-09-15 17:20:16.743
298F2DA9-D786-43A7-85CD-E722A80318DC,Bộ phận Marketing,LV1.34,FDA0711D-17BF-40D8-8077-536F232D31AA,3,40,0,,1,2025-09-15 17:20:16.743,2025-09-15 17:20:16.743
5EA003BA-2FED-4C05-80B9-463CCB6062DC,Bộ phận Tuân Thủ và Pháp Lý,LV1.35,FDA0711D-17BF-40D8-8077-536F232D31AA,3,41,0,,1,2025-09-15 17:20:16.743,2025-09-15 17:20:16.743
CE6931EB-95DB-402F-8AAA-738E66782173,"Bộ phận Quản lý, điều hành",LV1.39,FDA0711D-17BF-40D8-8077-536F232D31AA,3,42,0,,1,2025-09-15 17:20:16.743,2025-09-15 17:20:16.743
A826D560-15E0-4DF3-A317-A6CC1D7FF375,NH HAN,LV1.40,2FBB9447-087E-4190-83D5-F0406BB06BE6,3,43,0,,1,2025-09-15 17:20:16.743,2025-09-15 17:20:16.743
5FA0807F-5F89-40C0-B00C-26024579A9E4,ACL Da Nang,LV1.44,2FBB9447-087E-4190-83D5-F0406BB06BE6,3,44,0,,1,2025-09-15 17:20:16.743,2025-09-15 17:20:16.743
1FE070B6-088F-4607-9A60-1521A3399334,AF SGN,LV1.45,2FBB9447-087E-4190-83D5-F0406BB06BE6,3,45,0,,1,2025-09-15 17:20:16.743,2025-09-15 17:20:16.743
60E787F6-9710-498F-A992-3A8295D049D4,Kế toán,LV1.48,2FBB9447-087E-4190-83D5-F0406BB06BE6,3,46,0,,1,2025-09-15 17:20:16.743,2025-09-15 17:20:16.743
2AA3C838-EE43-4CF2-BF06-41F9D46A3A4B,EY HAN,LV1.49,2FBB9447-087E-4190-83D5-F0406BB06BE6,3,47,0,,1,2025-09-15 17:20:16.743,2025-09-15 17:20:16.743
735A6A04-AA61-4E9A-916A-9479843316E4,EY SGN,LV1.51,2FBB9447-087E-4190-83D5-F0406BB06BE6,3,48,0,,1,2025-09-15 17:20:16.743,2025-09-15 17:20:16.743
637EC2F2-60C0-4157-B265-4AE78F4AD3DE,Quản Lý,LV1.53,2FBB9447-087E-4190-83D5-F0406BB06BE6,3,49,0,,1,2025-09-15 17:20:16.743,2025-09-15 17:20:16.743
BE097501-3256-467C-9513-43C6841FDD9E,Hàng Không 1,LV1.54,EF4C116B-BED0-4561-9A63-803BF4C64C75,3,50,0,,1,2025-09-15 17:20:16.743,2025-09-15 17:20:16.743
53207CE3-061B-40AD-B4ED-0D9F387F847A,SGN - 3U,LV1.55,BA8FE9D5-A007-4901-A1F3-F526A4F91142,3,51,0,,1,2025-09-15 17:20:16.743,2025-09-15 17:20:16.743
D133D23D-8D94-4991-B026-9EAC7D31758F,Phát triển kinh doanh Aviation,LV1.56,2321B0B2-86E1-418C-A9BB-EEFCD63098EB,3,52,0,,1,2025-09-15 17:20:16.743,2025-09-15 17:20:16.743
5143BDB8-BC05-41F0-8E60-37660E025384,GSSA HAN - Offlines,LV1.57,2321B0B2-86E1-418C-A9BB-EEFCD63098EB,3,53,0,,1,2025-09-15 17:20:16.743,2025-09-15 17:20:16.743
964F07BE-47AF-4F2B-838A-B76F2DDDD739,Bộ phận Nhân sự & Hành chính,LV1.59,2321B0B2-86E1-418C-A9BB-EEFCD63098EB,3,54,0,,1,2025-09-15 17:20:16.743,2026-01-21 17:23:04.443
CD05ED30-C6BA-4064-9A4A-5904D003BAC1,Phòng kinh doanh hàng Thương mại điện tử và Bưu điện,LV1.60,2321B0B2-86E1-418C-A9BB-EEFCD63098EB,3,55,0,,1,2025-09-15 17:20:16.743,2025-09-15 17:20:16.743
2EDAFB27-EF39-4EDE-B71F-B1CE9FCA8985,Bộ phận ICT,LV1.61,2321B0B2-86E1-418C-A9BB-EEFCD63098EB,3,56,0,,1,2025-09-15 17:20:16.743,2025-09-15 17:20:16.743
5C704174-E1EE-41BD-8601-430C56FB42E1,Bộ phận Kế toán,LV1.62,2321B0B2-86E1-418C-A9BB-EEFCD63098EB,3,57,0,,1,2025-09-15 17:20:16.743,2025-09-15 17:20:16.743
A8F48F23-7A89-497A-9F9D-053E6FFA7C0B,"GSSA DAD - NZ, DL",LV1.67,2321B0B2-86E1-418C-A9BB-EEFCD63098EB,3,58,0,,1,2025-09-15 17:20:16.743,2025-09-15 17:20:16.743
585711A1-9B23-42C0-93FF-EDDBCADC7A18,HAN AVS1,LV1.68,2321B0B2-86E1-418C-A9BB-EEFCD63098EB,3,59,0,,1,2025-09-15 17:20:16.743,2025-09-15 17:20:16.743
2644D96B-4FF4-4146-8D22-8F525A7AF298,SGN AVS3,LV1.74,2321B0B2-86E1-418C-A9BB-EEFCD63098EB,3,60,0,,1,2025-09-15 17:20:16.743,2025-09-15 17:20:16.743
B0987A62-110B-4EE6-904B-15A0566B9029,SGN AVS2,LV1.78,2321B0B2-86E1-418C-A9BB-EEFCD63098EB,3,61,0,,1,2025-09-15 17:20:16.743,2025-09-15 17:20:16.743
6411B6F7-97D4-4020-886A-6DC85DFD8D6F,HAN AVS3,LV1.81,2321B0B2-86E1-418C-A9BB-EEFCD63098EB,3,62,0,,1,2025-09-15 17:20:16.743,2025-09-15 17:20:16.743
AD80B3E0-14E2-4A51-B602-BFAA3050BEE5,Kế toán,LV1.84,9DA87B93-62F7-4059-84C6-E85ACE464DC2,3,63,0,,1,2025-09-15 17:20:16.743,2025-09-15 17:20:16.743
E89E4DD7-93DA-4B22-8B5B-8532492234F2,TG Lào,LV1.85,9DA87B93-62F7-4059-84C6-E85ACE464DC2,3,64,0,,1,2025-09-15 17:20:16.743,2025-09-15 17:20:16.743
C6E848FD-F42B-4099-BEB6-7EBDE9C73452,Kế toán,LV1.88,7853BC85-253D-4DD7-901D-11F09F138DFD,3,65,0,,1,2025-09-15 17:20:16.743,2025-09-15 17:20:16.743
4C531E98-F9B0-4A5C-9E23-0325F2B8FBD7,Hàng không,LV1.89,7853BC85-253D-4DD7-901D-11F09F138DFD,3,66,0,,1,2025-09-15 17:20:16.743,2025-09-15 17:20:16.743
201B8DDA-5D8A-407C-99C2-D8B8148F7678,Giao nhận vận chuyển,LV1.91,7853BC85-253D-4DD7-901D-11F09F138DFD,3,67,0,,1,2025-09-15 17:20:16.743,2025-09-15 17:20:16.743
1FA7B5CA-12CB-40A4-986D-DFA4E263AA96,Hành chính nhân sự,LV1.96,7853BC85-253D-4DD7-901D-11F09F138DFD,3,68,0,,1,2025-09-15 17:20:16.743,2025-09-15 17:20:16.743
41FF603E-127F-4730-B130-1EBF34B04512,HAN AVS2,LV1.97,5FB9DCEC-65C1-4E8D-8C61-ED03E40F095D,3,69,0,,1,2025-09-15 17:20:16.743,2025-09-15 17:20:16.743
3CF43500-0FF6-4F89-8458-3EEB2C9094AF,SGN AVS1,LV1.101,5FB9DCEC-65C1-4E8D-8C61-ED03E40F095D,3,70,0,,1,2025-09-15 17:20:16.743,2025-09-15 17:20:16.743
6522C54F-A86B-4BB4-B2D9-B7B97B31A109,Bộ phận Tài chánh Kế toán,LV1.104,BF4DDFAC-D5EB-4904-8BD4-A8B389FBF99C,3,71,0,,1,2025-09-15 17:20:16.743,2025-09-15 17:20:16.743
C29A773E-4D16-46CD-8A78-A74B13EF2632,Sản phẩm & Dịch vụ,LV1.105,BF4DDFAC-D5EB-4904-8BD4-A8B389FBF99C,3,72,0,,1,2025-09-15 17:20:16.743,2025-09-15 17:20:16.743
171759BF-0786-4679-8201-BB4087475FDC,Bộ phận Quản lý,LV1.107,BF4DDFAC-D5EB-4904-8BD4-A8B389FBF99C,3,73,0,,1,2025-09-15 17:20:16.743,2025-09-15 17:20:16.743
4A60DAA6-0231-45A8-ADBB-935D8034594E,Vận hành,LV1.108,D8724D9B-E6B5-4E94-B606-08C99C49F4DE,3,74,0,,1,2025-09-15 17:20:16.743,2025-09-15 17:20:16.743
FAD3E87C-C296-411F-A02F-8AB28825D9A9,Bảo trì,LV1.111,D8724D9B-E6B5-4E94-B606-08C99C49F4DE,3,75,0,,1,2025-09-15 17:20:16.743,2025-09-15 17:20:16.743
70B9BAFA-A3D4-4AAC-8025-82EE6616D148,Nhân sự,LV1.112,2DE17DA2-3A17-416B-AA5D-505293A34E73,3,76,0,,1,2025-09-15 17:20:16.743,2025-09-15 17:20:16.743
7C19D87F-DBDE-48B7-8A91-D95F1EFAE743,Sản phẩm & Dịch vụ,LV1.113,2DE17DA2-3A17-416B-AA5D-505293A34E73,3,77,0,,1,2025-09-15 17:20:16.743,2025-09-15 17:20:16.743
B968BD10-BF74-4151-8D93-1F218BAB9201,Thương Mại,LV1.114,2DE17DA2-3A17-416B-AA5D-505293A34E73,3,78,0,,1,2025-09-15 17:20:16.743,2025-09-15 17:20:16.743
12CF867D-2049-4B20-83B2-B6E313562CE1,Bộ phận Tài chánh Kế toán,LV1.117,2DE17DA2-3A17-416B-AA5D-505293A34E73,3,79,0,,1,2025-09-15 17:20:16.743,2025-09-15 17:20:16.743
51A00F26-8B62-488E-8C95-DD686659D989,Indo Trans Logistics (Cambodia),LV1.118,E2518E86-5EC6-4AB0-9443-F4E5949B1508,3,80,0,,1,2025-09-15 17:20:16.743,2025-09-15 17:20:16.743
0409D959-7123-4FE6-A114-D553B585370E,CÔNG TY CỔ PHẦN A FREIGHT MANAGEMENT - CHI NHÁNH MIỀN BẮC,LV1.120,E2518E86-5EC6-4AB0-9443-F4E5949B1508,3,81,0,,1,2025-09-15 17:20:16.743,2025-09-15 17:20:16.743
BDC4067E-D2CA-4B74-AD43-1247F40C9589,CÔNG TY CỔ PHẦN A FREIGHT MANAGEMENT,LV1.127,E2518E86-5EC6-4AB0-9443-F4E5949B1508,3,82,0,,1,2025-09-15 17:20:16.743,2025-09-15 17:20:16.743
86BB6235-2356-4898-B7FD-A7A767577F05,Khối Sản phẩm & Dịch vụ,LV1.134,DA953BEE-3DDC-457D-86AC-9164245A9749,3,83,0,,1,2025-09-15 17:20:16.743,2025-09-15 17:20:16.743
6F970FDF-552E-4859-BAD6-E832DF357B82,Bộ phận Tài chánh Kế toán,LV1.139,DA953BEE-3DDC-457D-86AC-9164245A9749,3,84,0,,1,2025-09-15 17:20:16.743,2025-09-15 17:20:16.743
41E10D3A-AF5F-4E2A-8D00-53C66EC5A938,Dịch vụ hiện trường hải quan,LV1.140,C8CBB9CE-2452-42BE-9AEB-D5B977973014,3,85,0,,1,2025-09-15 17:20:16.743,2025-09-15 17:20:16.743
507D2138-6DFE-45DC-918C-A79F5BEB6157,Kế toán,LV1.143,C8CBB9CE-2452-42BE-9AEB-D5B977973014,3,86,0,,1,2025-09-15 17:20:16.743,2025-09-15 17:20:16.743
5EFF2D22-B8C9-47CE-AB38-3EE827D1FD5E,Khối Sản phẩm & Dịch vụ,LV1.144,A445711C-93B9-4001-96B3-207C46087C9D,3,87,0,,1,2025-09-15 17:20:16.743,2025-09-15 17:20:16.743
A54DE46D-BF34-4360-97E8-E89F546E5F13,Địa điểm kinh doanh tại miền Trung,LV1.159,A445711C-93B9-4001-96B3-207C46087C9D,3,88,0,,1,2025-09-15 17:20:16.743,2025-09-15 17:20:16.743
302AF5EB-6528-4574-8A0F-B72EC4A16254,Bộ phận Tài chánh Kế toán,LV1.161,A445711C-93B9-4001-96B3-207C46087C9D,3,89,0,,1,2025-09-15 17:20:16.743,2025-09-15 17:20:16.743
FBFAD2E8-2B8A-4B19-8AFD-B6E0E99883F5,Khối Thương Mại,LV1.165,A445711C-93B9-4001-96B3-207C46087C9D,3,90,0,,1,2025-09-15 17:20:16.743,2025-09-15 17:20:16.743
75771B1C-FF15-4D78-8B74-0A4A0AA40432,Bộ phận Quản lý,LV1.168,A445711C-93B9-4001-96B3-207C46087C9D,3,91,0,,1,2025-09-15 17:20:16.743,2025-09-15 17:20:16.743
F094C467-BB65-4A3A-95B0-4106AFEC59B5,Bộ phận Nhân sự & Hành chánh,LV1.171,A445711C-93B9-4001-96B3-207C46087C9D,3,92,0,,1,2025-09-15 17:20:16.743,2025-09-15 17:20:16.743
7F8AC943-3EA6-40EF-ABC5-115E53D3B0C6,Mạng lưới và dịch vụ CNTT,LV1.174,A445711C-93B9-4001-96B3-207C46087C9D,3,93,0,,1,2025-09-15 17:20:16.743,2025-09-15 17:20:16.743
2B3F5B21-486E-4E46-9CA0-3B64F146A1FE,Thu mua,LV1.175,A445711C-93B9-4001-96B3-207C46087C9D,3,94,0,,1,2025-09-15 17:20:16.743,2025-09-15 17:20:16.743
69FF00C9-20A8-4B40-B5B1-C4D4C28FBE32,Sản phẩm & Dịch vụ,LV1.176,8BD41748-7A69-4D4D-BDF8-AFD0BB295D0B,3,95,0,,1,2025-09-15 17:20:16.743,2025-09-15 17:20:16.743
72C127BA-FA8D-4364-9677-F737F6642417,"Bộ phận Hành chánh, Nhân sự",LV1.177,8BD41748-7A69-4D4D-BDF8-AFD0BB295D0B,3,96,0,,1,2025-09-15 17:20:16.743,2025-09-15 17:20:16.743
31E18253-FFAF-4BCF-A6C9-AF4060C20A0D,Bộ phận Kế toán,LV1.182,8BD41748-7A69-4D4D-BDF8-AFD0BB295D0B,3,97,0,,1,2025-09-15 17:20:16.743,2025-09-15 17:20:16.743
813FFA0A-AAD3-4CFE-A343-49D7E83E4129,Thương mại,LV1.191,8BD41748-7A69-4D4D-BDF8-AFD0BB295D0B,3,98,0,,1,2025-09-15 17:20:16.743,2025-09-15 17:20:16.743
69490CFF-61EC-4B87-B421-80704177F95B,Ban quản lý điều hành ,LV1.193,559B2F89-B685-4558-B4E3-7FC462E28435,3,99,0,,1,2025-09-15 17:20:16.743,2025-09-15 17:20:16.743
4F43BDE7-C6EB-4FE6-A868-45A00217F776,Khối Back office ,LV1.195,559B2F89-B685-4558-B4E3-7FC462E28435,3,100,0,,1,2025-09-15 17:20:16.743,2025-09-15 17:20:16.743
EF996F55-B693-4B23-A47F-B0CDA9FBDA9B,Khối sản phẩm,LV1.202,559B2F89-B685-4558-B4E3-7FC462E28435,3,101,0,,1,2025-09-15 17:20:16.743,2025-09-15 17:20:16.743
41A33534-EE73-4FBB-A9C5-A6ACBF592098,Khối sản phẩm,LV1.209,A93306F5-2F94-4033-BE4F-02AEEB70D146,3,102,0,,1,2025-09-15 17:20:16.743,2025-09-15 17:20:16.743
267FF172-91F5-4479-BE8E-81454AD48971,Ban quản lý điều hành ,LV1.216,DE917997-1CB4-4772-9334-6D2BFA4DB7EC,3,103,0,,1,2025-09-15 17:20:16.743,2025-09-15 17:20:16.743
EADAED95-91E1-4C50-A645-6C418FB3E5C3,Khối Back office ,LV1.217,DE917997-1CB4-4772-9334-6D2BFA4DB7EC,3,104,0,,1,2025-09-15 17:20:16.743,2025-09-15 17:20:16.743
7A246862-799A-4B69-B12A-9BBD1297A43E,Khối sản phẩm,LV1.223,DE917997-1CB4-4772-9334-6D2BFA4DB7EC,3,105,0,,1,2025-09-15 17:20:16.743,2025-09-15 17:20:16.743
06F68E39-1BF8-4F25-AE5C-5425DFA7E60A,Khối Kinh doanh ,LV1.232,DE917997-1CB4-4772-9334-6D2BFA4DB7EC,3,106,0,,1,2025-09-15 17:20:16.743,2025-09-15 17:20:16.743
AB479496-37B7-4381-B5F5-BA581F3D211D,Khối Back office ,LV1.262,1F4B31EB-1CDA-453D-AB29-DBDC4A2E5711,3,107,0,,1,2025-09-15 17:20:16.743,2025-09-15 17:20:16.743
2F387D09-21B4-4B1D-B2B1-851D725952C9,Khối sản phẩm,LV1.263,1F4B31EB-1CDA-453D-AB29-DBDC4A2E5711,3,108,0,,1,2025-09-15 17:20:16.743,2025-09-15 17:20:16.743
69BBC2F1-79C4-4F95-8AFD-1248E4823E65,Khối sản phẩm,LV1.273,7CF0B72B-59DE-44CF-9089-0B8C86DE770C,3,109,0,,1,2025-09-15 17:20:16.743,2025-09-15 17:20:16.743
99F24CFD-E60F-4DA4-A610-A1F28478EF73,Khối Back office ,LV1.288,7CF0B72B-59DE-44CF-9089-0B8C86DE770C,3,110,0,,1,2025-09-15 17:20:16.743,2025-09-15 17:20:16.743
1B66A9E2-68C6-4584-B33C-EF3A1511F098,Khối Kinh doanh ,LV1.292,7CF0B72B-59DE-44CF-9089-0B8C86DE770C,3,111,0,,1,2025-09-15 17:20:16.743,2025-09-15 17:20:16.743
91E30A1C-AF46-4E91-9AF6-477191D30B40,"Bộ phận Hành chánh, Nhân sự",LV1.317,77658BB0-8295-4BDD-84A3-9E5CC0A2E7E2,3,112,0,,1,2025-09-15 17:20:16.743,2025-12-10 17:22:17.930
11FB6CAF-CFC3-41F1-84D7-F4EA886C560B,Bộ phận Kế toán,LV1.318,77658BB0-8295-4BDD-84A3-9E5CC0A2E7E2,3,113,0,,1,2025-09-15 17:20:16.743,2025-09-15 17:20:16.743
403B77AB-832A-433F-8198-EC33B935F523,Business Solutions,LV1.319,77658BB0-8295-4BDD-84A3-9E5CC0A2E7E2,3,114,0,,1,2025-09-15 17:20:16.743,2025-09-15 17:20:16.743
E74073FF-DC18-4D0E-BAC5-966AF4AD8DB9,Commercial & Partnership,LV1.320,77658BB0-8295-4BDD-84A3-9E5CC0A2E7E2,3,115,0,,1,2025-09-15 17:20:16.743,2025-09-15 17:20:16.743
0998B202-B407-4BCC-A8DD-1963EB7D132F,Customer Excellence,LV1.323,77658BB0-8295-4BDD-84A3-9E5CC0A2E7E2,3,116,0,,1,2025-09-15 17:20:16.743,2025-09-15 17:20:16.743
91C7C116-A3E1-4748-A438-5869C0C77AE9,Operations Excellence,LV1.324,77658BB0-8295-4BDD-84A3-9E5CC0A2E7E2,3,117,0,,1,2025-09-15 17:20:16.743,2025-09-15 17:20:16.743
2F7D6068-4BB2-48F2-8D31-AD4E8593A23E,Quản lý dự án,LV1.326,77658BB0-8295-4BDD-84A3-9E5CC0A2E7E2,3,118,0,,1,2025-09-15 17:20:16.743,2025-09-15 17:20:16.743
4AB97C55-E06A-4D88-B554-A96FD954D391,Technology,LV1.327,77658BB0-8295-4BDD-84A3-9E5CC0A2E7E2,3,119,0,,1,2025-09-15 17:20:16.743,2025-09-15 17:20:16.743
0078C769-BD8E-4CBC-B723-7F5B8283A03D,Bộ phận ICT,LV1.338,9E23BE3E-BD10-4902-ACFD-05D8C40BF237,3,120,0,,1,2025-09-15 17:20:16.743,2025-09-15 17:20:16.743
CBAD4FDE-1BCB-4835-BF25-9AB526D96CF8,Back office,LV1.345,D772DFFF-F026-4CE8-A874-C308C4964DE0,3,121,0,,1,2025-09-15 17:20:16.743,2025-09-15 17:20:16.743
A03176C8-A254-4446-AAC4-4742063600BE,Dịch vụ Kỹ thuật - Miền Bắc - Nhóm trực tiếp,LV1.346,D772DFFF-F026-4CE8-A874-C308C4964DE0,3,122,0,,1,2025-09-15 17:20:16.743,2025-09-15 17:20:16.743
98900F7A-D8A3-46A9-BB0A-B02C2F2E1DD5,Dịch vụ Kỹ thuật - Miền Nam - Nhóm trực tiếp,LV1.347,D772DFFF-F026-4CE8-A874-C308C4964DE0,3,123,0,,1,2025-09-15 17:20:16.743,2025-09-15 17:20:16.743
57445E49-166D-4400-A699-B7BB9340FBB7,Tư vấn & hỗ trợ kỹ thuật - Miền Bắc - Nhóm gián tiếp,LV1.348,D772DFFF-F026-4CE8-A874-C308C4964DE0,3,124,0,,1,2025-09-15 17:20:16.743,2025-09-15 17:20:16.743
7343A573-3143-4653-B4A3-5BED14876748,Tư vấn & hỗ trợ kỹ thuật - Miền Nam - Nhóm gián tiếp,LV1.349,D772DFFF-F026-4CE8-A874-C308C4964DE0,3,125,0,,1,2025-09-15 17:20:16.743,2025-09-15 17:20:16.743
10B37863-12DB-4975-8D73-141B08A8C13A,Đơn vị cấp 1,Đơn vị cấp 1,2DD06377-E03A-4E7A-822B-EDC45D717CB6,3,1003,0,,1,2025-04-14 11:00:28.487,2025-06-04 16:28:49.593
255577B2-2587-4328-8AF8-09B6F134397E,Đơn vị cấp 1,Đơn vị cấp 1,AA7C58A6-42A8-444C-9F53-1CCE65AE9403,3,1004,0,,1,2025-04-14 11:02:04.703,2025-06-04 16:26:16.830
0AE3166F-FE4A-4FFA-AA18-5CAE88897727,Huyên_PB_Department,Huyên5,2DD06377-E03A-4E7A-822B-EDC45D717CB6,3,2002,0,,1,2025-03-03 14:25:23.457,2026-01-13 11:27:42.930
58DEBC7C-4304-4607-9F9A-8E5555C767E8,Khối Kinh doanh,LV1.350,1F4B31EB-1CDA-453D-AB29-DBDC4A2E5711,3,5569,0,,1,2025-11-16 21:37:33.957,2025-11-16 21:37:33.957
73457598-E8A5-44AB-8588-FB06F8D95EB2,Khối Back office,LV1.351,A93306F5-2F94-4033-BE4F-02AEEB70D146,3,5572,0,,1,2025-12-01 21:07:56.100,2025-12-01 21:14:06.333
266A8C24-67E2-4F4E-B9D6-5E46F89C501B,Thực tập sinh,Intern01,77658BB0-8295-4BDD-84A3-9E5CC0A2E7E2,3,5578,0,,1,2026-01-21 11:34:35.680,2026-01-21 11:35:10.903
9D051DD6-2A40-4213-AD42-A7B543430266,Thực tập sinh,intern002,9E23BE3E-BD10-4902-ACFD-05D8C40BF237,3,5579,0,,1,2026-01-21 11:37:51.600,2026-01-21 11:37:51.600
5CB27B44-424F-4DFF-B1DE-F968A6C82B09,Thực tập sinh,intern003,DE917997-1CB4-4772-9334-6D2BFA4DB7EC,3,5580,0,,1,2026-01-21 13:38:51.050,2026-01-21 13:38:51.050
846ACE31-AF6B-45B7-8A4E-E5E246AAB5CB,Thực tập sinh,intern004,5FB9DCEC-65C1-4E8D-8C61-ED03E40F095D,3,5583,0,,1,2026-03-03 09:39:16.873,2026-03-03 09:44:25.333
C0F4E73C-2BEF-4EBE-8433-EFCEC2CAF571,Thực tập sinh,intern005,2321B0B2-86E1-418C-A9BB-EEFCD63098EB,3,5584,0,,1,2026-03-03 09:46:31.463,2026-03-03 09:47:42.747
8E413435-5857-442D-836F-4146F8C937B4,Thực tập sinh,intern006,2FBB9447-087E-4190-83D5-F0406BB06BE6,3,5585,0,,1,2026-03-03 09:48:59.033,2026-03-03 09:49:33.503
5B82AE11-9EE5-4D8B-BCF7-5184D4005326,Bộ phận An toàn lao động,LV2.1,CF452674-24EB-4973-A601-58AEFEF714BD,4,126,0,,1,2025-09-15 17:29:57.413,2025-09-15 17:29:57.413
5B3ECA7A-01EC-45E7-BC65-40EF5BE084AC,Thu mua,LV2.2,44E02855-97E1-4568-A6EF-94E06EF9288B,4,127,0,,1,2025-09-15 17:29:57.413,2025-09-15 17:29:57.413
A715F321-B09C-4C33-89BC-FB46CB310C1F,Thu mua,LV2.3,CF452674-24EB-4973-A601-58AEFEF714BD,4,128,0,,1,2025-09-15 17:29:57.413,2025-09-15 17:29:57.413
C2D9953C-A165-4B4C-875D-55CA90EB156C,Holding,LV2.4,44E02855-97E1-4568-A6EF-94E06EF9288B,4,129,0,,1,2025-09-15 17:29:57.413,2025-09-15 17:29:57.413
6D43046B-5714-4E90-9B45-44AF8AFA2693,Ngân quỹ,LV2.5,44E02855-97E1-4568-A6EF-94E06EF9288B,4,130,0,,1,2025-09-15 17:29:57.413,2025-09-15 17:29:57.413
BE7BE978-CCB2-4D9C-925B-4A6D1D24BD81,Giao nhận vận chuyển & Hàng không,LV2.6,44E02855-97E1-4568-A6EF-94E06EF9288B,4,131,0,,1,2025-09-15 17:29:57.413,2025-09-15 17:29:57.413
1B4F26CF-85E2-48E8-BB16-538693634DE4,Hành chánh,LV2.7,CF452674-24EB-4973-A601-58AEFEF714BD,4,132,0,,1,2025-09-15 17:29:57.413,2025-09-15 17:29:57.413
6B30BE3A-F034-4CBA-A15F-4A0E8D5E018A,Bộ phận Đường sắt Logistics,LV2.8,F0E69642-2F08-474B-A2B2-E8C4C2B670CC,4,133,0,,1,2025-09-15 17:29:57.413,2025-09-15 17:29:57.413
674797D9-A43B-4B77-8FEF-0A1754601B9E,Hiện trường,LV2.9,D9E1CA11-0D47-400C-A179-701634409975,4,134,0,,1,2025-09-15 17:29:57.413,2025-09-15 17:29:57.413
2D17E0B3-4EB2-4159-ACB5-DDDB2BDBF9E5,Dự án & Bảo trì,LV2.10,CF452674-24EB-4973-A601-58AEFEF714BD,4,135,0,,1,2025-09-15 17:29:57.413,2025-09-15 17:29:57.413
5677AB3D-0B56-4223-A10F-21FBC24BE70E,Đội xe văn phòng,LV2.11,CF452674-24EB-4973-A601-58AEFEF714BD,4,136,0,,1,2025-09-15 17:29:57.413,2025-09-15 17:29:57.413
1DBCA9F8-4261-4835-BF27-8A398360120E,"Tiền lương, phúc lợi",LV2.12,CF452674-24EB-4973-A601-58AEFEF714BD,4,137,0,,1,2025-09-15 17:29:57.413,2025-09-15 17:29:57.413
D32B9EA8-214C-475D-83ED-4237C7BFC81E,Thư ký,LV2.13,CF452674-24EB-4973-A601-58AEFEF714BD,4,138,0,,1,2025-09-15 17:29:57.413,2025-09-15 17:29:57.413
B12E1633-5702-4502-9162-7115C1A98A84,Đào tạo,LV2.14,CF452674-24EB-4973-A601-58AEFEF714BD,4,139,0,,1,2025-09-15 17:29:57.413,2025-09-15 17:29:57.413
C06A99D6-1168-4E38-874E-6F271DC0C8F8,Tuyển dụng,LV2.15,CF452674-24EB-4973-A601-58AEFEF714BD,4,140,0,,1,2025-09-15 17:29:57.413,2025-09-15 17:29:57.413
4454162C-7558-4117-A01D-FCC556ED3FFA,Hạ tầng CNTT,LV2.16,9A1A3B06-C3DC-43F1-802C-0E1C5766934F,4,141,0,,1,2025-09-15 17:29:57.413,2025-09-15 17:29:57.413
07F9BC2B-51A7-4DE1-A7AC-118933206EEC,Phát triển Web,LV2.17,9A1A3B06-C3DC-43F1-802C-0E1C5766934F,4,142,0,,1,2025-09-15 17:29:57.413,2025-09-15 17:29:57.413
FB2EB0A6-CB7C-484C-8CE0-9E9F1F47C6B6,Kỹ thuật Phần mềm,LV2.18,9A1A3B06-C3DC-43F1-802C-0E1C5766934F,4,143,0,,1,2025-09-15 17:29:57.413,2025-09-15 17:29:57.413
DA98B52C-FA41-4A62-AB67-C6914E019D26,Kiểm toán Nội bộ,LV2.19,5EA003BA-2FED-4C05-80B9-463CCB6062DC,4,144,0,,1,2025-09-15 17:29:57.413,2025-09-15 17:29:57.413
1236DE68-1815-4C4F-8E25-300A7985D3EB,Tuân Thủ và Quản trị rủi ro,LV2.20,5EA003BA-2FED-4C05-80B9-463CCB6062DC,4,145,0,,1,2025-09-15 17:29:57.413,2025-09-15 17:29:57.413
29B7151C-49FB-4808-AE74-B19A5F46EF75,Pháp Lý,LV2.21,5EA003BA-2FED-4C05-80B9-463CCB6062DC,4,146,0,,1,2025-09-15 17:29:57.413,2025-09-15 17:29:57.413
1060A131-F270-41AA-B6C3-C68BFC3B64CB,Đặt chỗ,LV2.22,A826D560-15E0-4DF3-A317-A6CC1D7FF375,4,147,0,,1,2025-09-15 17:29:57.413,2025-09-15 17:29:57.413
4710C4A1-B992-452A-A38B-B94B83D27479,Hiện trường,LV2.23,A826D560-15E0-4DF3-A317-A6CC1D7FF375,4,148,0,,1,2025-09-15 17:29:57.413,2025-09-15 17:29:57.413
EDDE78D3-CCD9-4749-B1F2-42B1104AAE01,Kinh doanh,LV2.24,A826D560-15E0-4DF3-A317-A6CC1D7FF375,4,149,0,,1,2025-09-15 17:29:57.413,2025-09-15 17:29:57.413
28B84701-4E17-49B3-9636-084B6935E523,Hiện trường,LV2.25,1FE070B6-088F-4607-9A60-1521A3399334,4,150,0,,1,2025-09-15 17:29:57.413,2025-09-15 17:29:57.413
89CA3E75-8E1C-4428-BAD7-E7A61FEEB158,Đặt chỗ,LV2.26,1FE070B6-088F-4607-9A60-1521A3399334,4,151,0,,1,2025-09-15 17:29:57.413,2025-09-15 17:29:57.413
03C3A6D3-FEE6-4254-8F03-FF14B815CA6A,Kinh doanh,LV2.27,1FE070B6-088F-4607-9A60-1521A3399334,4,152,0,,1,2025-09-15 17:29:57.413,2025-09-15 17:29:57.413
E1E60CB7-8F75-42A8-BE3E-3145052807C4,Hiện trường,LV2.28,2AA3C838-EE43-4CF2-BF06-41F9D46A3A4B,4,153,0,,1,2025-09-15 17:29:57.413,2025-09-15 17:29:57.413
D766EBC3-62A6-4080-8703-DFEAB95BD410,Đặt chỗ,LV2.29,2AA3C838-EE43-4CF2-BF06-41F9D46A3A4B,4,154,0,,1,2025-09-15 17:29:57.413,2025-09-15 17:29:57.413
69DCA95A-4980-4DC1-84D1-1E0F138AA4A5,Đặt chỗ,LV2.30,735A6A04-AA61-4E9A-916A-9479843316E4,4,155,0,,1,2025-09-15 17:29:57.413,2025-09-15 17:29:57.413
C9D70770-773A-4D4B-AEA5-E9CFBED26AD3,Hiện trường,LV2.31,735A6A04-AA61-4E9A-916A-9479843316E4,4,156,0,,1,2025-09-15 17:29:57.413,2025-09-15 17:29:57.413
784BE710-FBE4-41C7-8B7E-C2163C6F8AF4,Hiện trường,LV2.32,BE097501-3256-467C-9513-43C6841FDD9E,4,157,0,,1,2025-09-15 17:29:57.413,2025-09-15 17:29:57.413
F871DB68-BB54-4D32-BC07-C76C84C55047,DL,LV2.33,5143BDB8-BC05-41F0-8E60-37660E025384,4,158,0,,1,2025-09-15 17:29:57.413,2025-09-15 17:29:57.413
D0AE1D3D-9B8B-4708-BE20-C45576C2C626,Thuế và Kế Toán,LV2.34,5C704174-E1EE-41BD-8601-430C56FB42E1,4,159,0,,1,2025-09-15 17:29:57.413,2025-09-15 17:29:57.413
9D544C2D-DA39-4C45-8969-C791DB75D549,RH HAN,LV2.35,585711A1-9B23-42C0-93FF-EDDBCADC7A18,4,160,0,,1,2025-09-15 17:29:57.413,2025-09-15 17:29:57.413
680594DB-292B-4622-9FF3-407A4B93704A,AVS1 HAN,LV2.36,585711A1-9B23-42C0-93FF-EDDBCADC7A18,4,161,0,,1,2025-09-15 17:29:57.413,2025-09-15 17:29:57.413
162BD2D7-CCAA-4D6A-A3EB-9E2209C10941,Hiện trường,LV2.37,2644D96B-4FF4-4146-8D22-8F525A7AF298,4,162,0,,1,2025-09-15 17:29:57.413,2025-09-15 17:29:57.413
191E0FDA-315B-48C8-9E4F-BBC5C9306DD5,Đặt chỗ,LV2.38,2644D96B-4FF4-4146-8D22-8F525A7AF298,4,163,0,,1,2025-09-15 17:29:57.413,2025-12-10 16:48:33.300
998C6453-D1CA-4A6E-A0E7-AEC5D1A28F85,Kinh doanh,LV2.39,2644D96B-4FF4-4146-8D22-8F525A7AF298,4,164,0,,1,2025-09-15 17:29:57.413,2025-09-15 17:29:57.413
36286B82-B5DF-4463-A90E-541CB4B0F9DE,Hiện trường,LV2.40,B0987A62-110B-4EE6-904B-15A0566B9029,4,165,0,,1,2025-09-15 17:29:57.413,2025-09-15 17:29:57.413
5BBAA321-91F7-4303-A522-1BF98EC0EB6B,Đặt chỗ,LV2.41,B0987A62-110B-4EE6-904B-15A0566B9029,4,166,0,,1,2025-09-15 17:29:57.413,2025-09-15 17:29:57.413
473E8ACA-AE95-47A5-A5ED-D42ACF46C339,Hiện trường,LV2.42,6411B6F7-97D4-4020-886A-6DC85DFD8D6F,4,167,0,,1,2025-09-15 17:29:57.413,2025-09-15 17:29:57.413
817C3913-3A15-446E-BF47-AE55159801AC,Đặt chỗ,LV2.43,6411B6F7-97D4-4020-886A-6DC85DFD8D6F,4,168,0,,1,2025-09-15 17:29:57.413,2025-09-15 17:29:57.413
F87EDF82-893D-4B3A-91C7-3C34B995E692,Hiện trường,LV2.44,E89E4DD7-93DA-4B22-8B5B-8532492234F2,4,169,0,,1,2025-09-15 17:29:57.413,2025-09-15 17:29:57.413
21CE189F-612A-4560-B3A5-8EBA9A0CA049,Kinh doanh,LV2.45,E89E4DD7-93DA-4B22-8B5B-8532492234F2,4,170,0,,1,2025-09-15 17:29:57.413,2025-09-15 17:29:57.413
2F7941BB-D2D3-4109-92D8-339EBD30B399,Hiện trường,LV2.46,4C531E98-F9B0-4A5C-9E23-0325F2B8FBD7,4,171,0,,1,2025-09-15 17:29:57.413,2025-09-15 17:29:57.413
D8A2689F-BD82-41D1-BFF6-A2097F17C303,Kinh doanh,LV2.47,4C531E98-F9B0-4A5C-9E23-0325F2B8FBD7,4,172,0,,1,2025-09-15 17:29:57.413,2025-09-15 17:29:57.413
39CF2421-F91F-4E78-9ED3-96124FFA4419,Project,LV2.48,201B8DDA-5D8A-407C-99C2-D8B8148F7678,4,173,0,,1,2025-09-15 17:29:57.413,2025-09-15 17:29:57.413
2BA9C9BC-32D1-4165-894A-CB9E07351B15,Hiện trường,LV2.49,201B8DDA-5D8A-407C-99C2-D8B8148F7678,4,174,0,,1,2025-09-15 17:29:57.413,2025-09-15 17:29:57.413
2FB3AC92-BD7E-40AF-B97C-693706F0DCED,Dịch vụ khách hàng,LV2.50,201B8DDA-5D8A-407C-99C2-D8B8148F7678,4,175,0,,1,2025-09-15 17:29:57.413,2025-09-15 17:29:57.413
B9F46ED4-F42A-46E1-B47B-63C7042E1781,Kinh doanh,LV2.51,201B8DDA-5D8A-407C-99C2-D8B8148F7678,4,176,0,,1,2025-09-15 17:29:57.413,2025-09-15 17:29:57.413
E39EE727-D296-45DC-ACA6-B55EC34C2253,MH HAN,LV2.52,41FF603E-127F-4730-B130-1EBF34B04512,4,177,0,,1,2025-09-15 17:29:57.413,2025-09-15 17:29:57.413
B7BDCE13-3AC4-4B40-859A-DEF48A5F1162,VNA Hà Nội,LV2.53,41FF603E-127F-4730-B130-1EBF34B04512,4,178,0,,1,2025-09-15 17:29:57.413,2025-09-15 17:29:57.413
56872A98-D9A2-4B2A-890A-F115184EC21D,MH SGN,LV2.54,3CF43500-0FF6-4F89-8458-3EEB2C9094AF,4,179,0,,1,2025-09-15 17:29:57.413,2025-09-15 17:29:57.413
976E53EE-C23C-41BC-BAAB-8D5EC4708CCE,Hiện trường,LV2.55,C29A773E-4D16-46CD-8A78-A74B13EF2632,4,180,0,,1,2025-09-15 17:29:57.413,2025-09-15 17:29:57.413
A3584141-E5FF-4E55-A18F-7556BF201C91,Dịch vụ khách hàng,LV2.56,C29A773E-4D16-46CD-8A78-A74B13EF2632,4,181,0,,1,2025-09-15 17:29:57.413,2025-09-15 17:29:57.413
EDA37FA1-3F06-4954-8C60-7E2D9682674D,Vận hành máy cẩu,LV2.57,4A60DAA6-0231-45A8-ADBB-935D8034594E,4,182,0,,1,2025-09-15 17:29:57.413,2025-09-15 17:29:57.413
58E25B64-1BB9-48A1-A018-9F47343EC729,Dự án Canon,LV2.58,4A60DAA6-0231-45A8-ADBB-935D8034594E,4,183,0,,1,2025-09-15 17:29:57.413,2025-09-15 17:29:57.413
A6EED953-54B7-4B5D-9984-9B5D528D2E4A,Vận hành,LV2.59,7C19D87F-DBDE-48B7-8A91-D95F1EFAE743,4,184,0,,1,2025-09-15 17:29:57.413,2025-09-15 17:29:57.413
327870E3-D6A3-496F-8AB6-1CB2D7C1715D,Kinh doanh,LV2.60,B968BD10-BF74-4151-8D93-1F218BAB9201,4,185,0,,1,2025-09-15 17:29:57.413,2025-09-15 17:29:57.413
D21E18BE-0AD0-477F-A4CC-E9C4493C48FB,Dịch vụ khách hàng,LV2.61,7C19D87F-DBDE-48B7-8A91-D95F1EFAE743,4,186,0,,1,2025-09-15 17:29:57.413,2025-09-15 17:29:57.413
5B3050B3-B1A5-44CC-9209-47767A34502D,Kế toán,LV2.62,12CF867D-2049-4B20-83B2-B6E313562CE1,4,187,0,,1,2025-09-15 17:29:57.413,2025-09-15 17:29:57.413
48F2E19A-BF99-41AC-ADA6-ABE8C991DD6E,Dịch vụ khách hàng,LV2.63,51A00F26-8B62-488E-8C95-DD686659D989,4,188,0,,1,2025-09-15 17:29:57.413,2025-09-15 17:29:57.413
58160153-8E8F-4A9A-A89B-C7BEDF7FA2C9,Accounting,LV2.64,51A00F26-8B62-488E-8C95-DD686659D989,4,189,0,,1,2025-09-15 17:29:57.413,2025-09-15 17:29:57.413
22996D99-E5C5-4FB8-9506-B33315F37BAE,Thực tập sinh- sales,LV2.65,0409D959-7123-4FE6-A114-D553B585370E,4,190,0,,1,2025-09-15 17:29:57.413,2025-09-15 17:29:57.413
719C51E7-D140-40F1-9EB0-B6088EC53732,Thực tập sinh- Nhân sự,LV2.66,0409D959-7123-4FE6-A114-D553B585370E,4,191,0,,1,2025-09-15 17:29:57.413,2025-09-15 17:29:57.413
74ACA608-8A2A-4895-B167-E415F84E7F81,Thực tập sinh- Air,LV2.67,0409D959-7123-4FE6-A114-D553B585370E,4,192,0,,1,2025-09-15 17:29:57.413,2026-01-21 14:22:50.637
A8D23170-9E69-4608-A001-9CBA3335F082,Thực tập sinh- OPS,LV2.68,0409D959-7123-4FE6-A114-D553B585370E,4,193,0,,1,2025-09-15 17:29:57.413,2025-09-15 17:29:57.413
E006C47D-6299-4310-90B3-1E3DCC7B29DD,Thực tập sinh -ACC,LV2.69,0409D959-7123-4FE6-A114-D553B585370E,4,194,0,,1,2025-09-15 17:29:57.413,2025-09-15 17:29:57.413
A6BA75B9-DD6C-4B44-ADE9-2B7D48187033,TTS-Sea Flexport HAN,LV2.70,0409D959-7123-4FE6-A114-D553B585370E,4,195,0,,1,2025-09-15 17:29:57.413,2025-09-15 17:29:57.413
0C05B08F-77EE-49AC-84C1-5BE09861387B,Thực tập sinh- Sea,LV2.71,0409D959-7123-4FE6-A114-D553B585370E,4,196,0,,1,2025-09-15 17:29:57.413,2025-09-15 17:29:57.413
BC842BDF-0F1C-4908-BE81-F8118AACE651,Khối FM - Products & Services,LV2.72,BDC4067E-D2CA-4B74-AD43-1247F40C9589,4,197,0,,1,2025-09-15 17:29:57.413,2025-09-15 17:29:57.413
B8937CB1-8399-45F4-91B8-22D9A4712B13,Khối FM - Commercial,LV2.73,BDC4067E-D2CA-4B74-AD43-1247F40C9589,4,198,0,,1,2025-09-15 17:29:57.413,2025-09-15 17:29:57.413
61803301-76D6-4C93-9536-1E5FD6F98C2C,Mạng lưới và dịch vụ CNTT,LV2.74,BDC4067E-D2CA-4B74-AD43-1247F40C9589,4,199,0,,1,2025-09-15 17:29:57.413,2025-09-15 17:29:57.413
7822E0DD-3FB0-4BBB-A254-8212E420BD2C,Bộ phận Tài chánh kế toán,LV2.75,BDC4067E-D2CA-4B74-AD43-1247F40C9589,4,200,0,,1,2025-09-15 17:29:57.413,2025-09-15 17:29:57.413
D489B7A0-4AAC-461B-9D2D-25C7E69F43E3,Phụ trách hàng tại Sân bay,LV2.76,86BB6235-2356-4898-B7FD-A7A767577F05,4,201,0,,1,2025-09-15 17:29:57.413,2025-12-10 16:19:44.587
1BC65CE8-5C4C-4BD7-86F3-2AEAFE5DF21E,Chứng từ,LV2.77,86BB6235-2356-4898-B7FD-A7A767577F05,4,202,0,,1,2025-09-15 17:29:57.413,2025-09-15 17:29:57.413
673B613F-5A58-4A9C-849A-5B816FBB14DF,Phụ trách hàng đường biển,LV2.78,86BB6235-2356-4898-B7FD-A7A767577F05,4,203,0,,1,2025-09-15 17:29:57.413,2025-09-15 17:29:57.413
47BD7704-AC90-4276-8536-C8F0D95DB3E0,Hiện trường Hải Phòng,LV2.79,41E10D3A-AF5F-4E2A-8D00-53C66EC5A938,4,204,0,,1,2025-09-15 17:29:57.413,2025-09-15 17:29:57.413
ED422D3C-57E7-430D-82C6-1240E8041763,Hiện trường Nội Bài,LV2.80,41E10D3A-AF5F-4E2A-8D00-53C66EC5A938,4,205,0,,1,2025-09-15 17:29:57.413,2025-09-15 17:29:57.413
E2A29753-9B8C-4C31-BB32-75DF25EB623B,Hiện trường Hà Nội,LV2.81,41E10D3A-AF5F-4E2A-8D00-53C66EC5A938,4,206,0,,1,2025-09-15 17:29:57.413,2025-09-15 17:29:57.413
CD155D2E-9EF1-4F49-B944-140504A5D0E7,Dịch vụ Hải quan,LV2.82,5EFF2D22-B8C9-47CE-AB38-3EE827D1FD5E,4,207,0,,1,2025-09-15 17:29:57.413,2025-09-15 17:29:57.413
935E52AF-7AA9-4233-83DB-7E7E5D06EA6E,Flexport Project – Sea Freight,LV2.83,5EFF2D22-B8C9-47CE-AB38-3EE827D1FD5E,4,208,0,,1,2025-09-15 17:29:57.413,2025-12-10 16:14:09.277
384FB2DC-0881-41C1-A472-DB510700F53E,Dịch vụ cước đường biển,LV2.84,5EFF2D22-B8C9-47CE-AB38-3EE827D1FD5E,4,209,0,,1,2025-09-15 17:29:57.413,2026-01-21 16:34:17.273
45016C6C-321D-4ED7-8328-25E9AA4D7E3A,Air Freight,LV2.85,5EFF2D22-B8C9-47CE-AB38-3EE827D1FD5E,4,210,0,,1,2025-09-15 17:29:57.413,2025-09-15 17:29:57.413
8577C2AE-CEFD-426C-8A18-76274901E855,Bộ phận vận hành,LV2.86,A54DE46D-BF34-4360-97E8-E89F546E5F13,4,211,0,,1,2025-09-15 17:29:57.413,2025-09-15 17:29:57.413
AD0E6890-3637-438F-B68F-FA49C01C0B40,Doanh thu,LV2.87,302AF5EB-6528-4574-8A0F-B72EC4A16254,4,212,0,,1,2025-09-15 17:29:57.413,2025-09-15 17:29:57.413
4E52BF4B-63CB-4BC8-8B7B-444127E6F1D6,Chi phí,LV2.88,302AF5EB-6528-4574-8A0F-B72EC4A16254,4,213,0,,1,2025-09-15 17:29:57.413,2025-09-15 17:29:57.413
BB1193EF-B268-4AA0-A10F-67D7B4646699,Tổng hợp,LV2.89,302AF5EB-6528-4574-8A0F-B72EC4A16254,4,214,0,,1,2025-09-15 17:29:57.413,2025-09-15 17:29:57.413
E135F325-A733-4BF6-8F42-2496A7F6D7B9,Kinh doanh khách hàng chiến lược,LV2.90,FBFAD2E8-2B8A-4B19-8AFD-B6E0E99883F5,4,215,0,,1,2025-09-15 17:29:57.413,2025-09-15 17:29:57.413
4B9B1D46-78CB-4731-AE0B-F38DE8D4104F,Đại lý Vùng,LV2.91,FBFAD2E8-2B8A-4B19-8AFD-B6E0E99883F5,4,216,0,,1,2025-09-15 17:29:57.413,2025-09-15 17:29:57.413
07039CA9-6ED7-41D6-9235-DAAED4381357,Khách hàng Flexport,LV2.92,FBFAD2E8-2B8A-4B19-8AFD-B6E0E99883F5,4,217,0,,1,2025-09-15 17:29:57.413,2025-09-15 17:29:57.413
BA56D06F-6860-4E54-99FD-B1DAE6EB6D3D,FM Management,LV2.93,75771B1C-FF15-4D78-8B74-0A4A0AA40432,4,218,0,,1,2025-09-15 17:29:57.413,2025-09-15 17:29:57.413
6FA5FE77-8F09-4BCA-9946-E169F2A035F5,Thị trường Hàn Quốc,LV2.94,FBFAD2E8-2B8A-4B19-8AFD-B6E0E99883F5,4,219,0,,1,2025-09-15 17:29:57.413,2025-09-15 17:29:57.413
F575BFAB-FB8F-4249-88D2-B270D0A9A7CF,Hành chánh,LV2.95,F094C467-BB65-4A3A-95B0-4106AFEC59B5,4,220,0,,1,2025-09-15 17:29:57.413,2025-09-15 17:29:57.413
49F8CD1B-E38F-4F4B-871B-F3E3B401F70F,Nhân sự,LV2.96,F094C467-BB65-4A3A-95B0-4106AFEC59B5,4,221,0,,1,2025-09-15 17:29:57.413,2025-09-15 17:29:57.413
9955195D-3841-490C-AA5B-C9A233F9F6EC,Bộ phận Quản lý - Vận hành,LV2.97,69FF00C9-20A8-4B40-B5B1-C4D4C28FBE32,4,222,0,,1,2025-09-15 17:29:57.413,2025-09-15 17:29:57.413
C6E64FD5-E0F6-479D-BD71-37CC8ECBE9C9,Hành chánh,LV2.98,72C127BA-FA8D-4364-9677-F737F6642417,4,223,0,,1,2025-09-15 17:29:57.413,2025-12-10 16:44:30.673
4883EF8B-27B9-407A-B2B5-73CF8D982659,ICT,LV2.99,72C127BA-FA8D-4364-9677-F737F6642417,4,224,0,,1,2025-09-15 17:29:57.413,2025-09-15 17:29:57.413
08FC6A03-9DD5-4782-9A61-D19BC66405C2,Đối tác Nhân sự,LV2.100,72C127BA-FA8D-4364-9677-F737F6642417,4,225,0,,1,2025-09-15 17:29:57.413,2025-09-15 17:29:57.413
78AB2852-82B9-4EA2-BD64-4CF5D65C14A8,Tuyển dụng,LV2.101,72C127BA-FA8D-4364-9677-F737F6642417,4,226,0,,1,2025-09-15 17:29:57.413,2025-09-15 17:29:57.413
131C4848-02E1-4372-B913-272053D72038,Freight Management,LV2.102,31E18253-FFAF-4BCF-A6C9-AF4060C20A0D,4,227,0,,1,2025-09-15 17:29:57.413,2025-09-15 17:29:57.413
58D34C9A-A724-4645-83A1-14EE83F7BAF8,Dịch vụ hải quan,LV2.103,69FF00C9-20A8-4B40-B5B1-C4D4C28FBE32,4,228,0,,1,2025-09-15 17:29:57.413,2025-09-15 17:29:57.413
D2A03AAD-1344-486E-A534-571CC375E383,Bộ phận Cross Border,LV2.104,69FF00C9-20A8-4B40-B5B1-C4D4C28FBE32,4,229,0,,1,2025-09-15 17:29:57.413,2025-09-15 17:29:57.413
ED133829-7F87-46A3-A059-9433A889C489,Bộ phận Air,LV2.105,69FF00C9-20A8-4B40-B5B1-C4D4C28FBE32,4,230,0,,1,2025-09-15 17:29:57.413,2025-09-15 17:29:57.413
F77254ED-616E-40FE-B4F5-61481B226BB6,Bộ phận Sea,LV2.106,69FF00C9-20A8-4B40-B5B1-C4D4C28FBE32,4,231,0,,1,2025-09-15 17:29:57.413,2025-09-15 17:29:57.413
AE21FC7C-A7E0-4FA1-A7D7-16B66358794C,Kinh doanh,LV2.107,813FFA0A-AAD3-4CFE-A343-49D7E83E4129,4,232,0,,1,2025-09-15 17:29:57.413,2025-09-15 17:29:57.413
D937DFBA-BAA0-40F4-889C-165807840998,Sea Flexport HAN,LV2.108,69FF00C9-20A8-4B40-B5B1-C4D4C28FBE32,4,233,0,,1,2025-09-15 17:29:57.413,2025-09-15 17:29:57.413
0F5C43D8-468E-4696-9A0C-C835E8AFF918,Team Seino,LV2.109,69490CFF-61EC-4B87-B421-80704177F95B,4,234,0,,1,2025-09-15 17:29:57.413,2025-09-15 17:29:57.413
8108BAE4-2373-49CE-B60E-39B1BF8CD1F8,Giám đốc Điều hành ,LV2.110,69490CFF-61EC-4B87-B421-80704177F95B,4,235,0,,1,2025-09-15 17:29:57.413,2025-09-15 17:29:57.413
E4EA01D5-045F-4BDF-99C1-4C153D7AFE6A,Team Seino,LV2.111,4F43BDE7-C6EB-4FE6-A868-45A00217F776,4,236,0,,1,2025-09-15 17:29:57.413,2025-09-15 17:29:57.413
ECC41261-3814-477B-818A-A31351FCB373,Kinh doanh,LV2.112,4F43BDE7-C6EB-4FE6-A868-45A00217F776,4,237,0,,1,2025-09-15 17:29:57.413,2025-09-15 17:29:57.413
2E72933F-BD8F-4208-A460-59B6F1F4556D,Bộ phận Tài chính kế toán ,LV2.113,4F43BDE7-C6EB-4FE6-A868-45A00217F776,4,238,0,,1,2025-09-15 17:29:57.413,2025-09-15 17:29:57.413
0AEB7D98-4970-439D-8463-F73E6D52CB71,A - Team,LV2.114,4F43BDE7-C6EB-4FE6-A868-45A00217F776,4,239,0,,1,2025-09-15 17:29:57.413,2025-09-15 17:29:57.413
EE2F9ABA-B2CB-4498-94D6-84AB8414EE5D,Khối Kho,LV2.115,EF996F55-B693-4B23-A47F-B0CDA9FBDA9B,4,240,0,,1,2025-09-15 17:29:57.413,2025-09-15 17:29:57.413
25B6370C-C34C-4345-BD28-5B8EE2FE6256,Khối vận tải,LV2.116,EF996F55-B693-4B23-A47F-B0CDA9FBDA9B,4,241,0,,1,2025-09-15 17:29:57.413,2025-09-15 17:29:57.413
404D85F2-3C39-4CCB-B6E1-677E5E2136A1,Bộ phận Dịch vụ khách hàng,LV2.117,EF996F55-B693-4B23-A47F-B0CDA9FBDA9B,4,242,0,,1,2025-09-15 17:29:57.413,2025-09-15 17:29:57.413
E491F754-95AE-49A3-883B-A9324EB9D53B,Bộ phận Tài chính kế toán ,LV2.118,41A33534-EE73-4FBB-A9C5-A6ACBF592098,4,243,0,,1,2025-09-15 17:29:57.413,2025-09-15 17:29:57.413
31B069AF-F6ED-4D14-8D19-CF42D9E0CC8E,Khối kho,LV2.119,41A33534-EE73-4FBB-A9C5-A6ACBF592098,4,244,0,,1,2025-09-15 17:29:57.413,2025-09-15 17:29:57.413
57753AA2-7449-4954-82CB-4894B16A03F0,Giám đốc Điều hành ,LV2.120,267FF172-91F5-4479-BE8E-81454AD48971,4,245,0,,1,2025-09-15 17:29:57.413,2025-09-15 17:29:57.413
8C1F4FC8-47BD-4FFD-BD98-EF1853AD18D4,Bộ phận Công nghệ thông tin ,LV2.121,EADAED95-91E1-4C50-A645-6C418FB3E5C3,4,246,0,,1,2025-09-15 17:29:57.413,2025-09-15 17:29:57.413
2C67CCB9-E1F0-4DEE-9113-1FC19CC56394,Bộ phận Tài chính kế toán ,LV2.122,EADAED95-91E1-4C50-A645-6C418FB3E5C3,4,247,0,,1,2025-09-15 17:29:57.413,2025-09-15 17:29:57.413
6A24D7B7-D03F-4E4B-BD60-A1CA35A5F093,Khối Kho,LV2.123,7A246862-799A-4B69-B12A-9BBD1297A43E,4,248,0,,1,2025-09-15 17:29:57.413,2025-09-15 17:29:57.413
117E9C46-78E7-40A2-8BEE-EA6962D746AC,Bộ phận Thương mại ,LV2.124,06F68E39-1BF8-4F25-AE5C-5425DFA7E60A,4,249,0,,1,2025-09-15 17:29:57.413,2025-09-15 17:29:57.413
53DFBA82-E461-4B6F-8F6F-9F120C817E09,Bộ phận Giải pháp kinh doanh,LV2.125,EADAED95-91E1-4C50-A645-6C418FB3E5C3,4,250,0,,1,2025-09-15 17:29:57.413,2025-09-15 17:29:57.413
9FE7B9D1-017E-4A43-ADA7-9748F580693A,Bộ phận Hành Chánh Nhân Sự,LV2.126,EADAED95-91E1-4C50-A645-6C418FB3E5C3,4,251,0,,1,2025-09-15 17:29:57.413,2026-01-22 16:28:55.813
4A6A93C6-11BA-4E80-94F3-AE3033040179,Bộ phận An toàn ,LV2.127,EADAED95-91E1-4C50-A645-6C418FB3E5C3,4,252,0,,1,2025-09-15 17:29:57.413,2025-09-15 17:29:57.413
6A7825F6-1D63-4B8E-BB92-8C513415280E,Bộ phận Thu mua,LV2.128,EADAED95-91E1-4C50-A645-6C418FB3E5C3,4,253,0,,1,2025-09-15 17:29:57.413,2025-09-15 17:29:57.413
2F24F08D-29A6-43E9-BF0A-E10EE1E7D2B2,Khối vận tải,LV2.129,7A246862-799A-4B69-B12A-9BBD1297A43E,4,254,0,,1,2025-09-15 17:29:57.413,2025-09-15 17:29:57.413
70106B20-E98C-46F2-B1F0-1CFACA345345,Bộ phận pháp lý ,LV2.130,EADAED95-91E1-4C50-A645-6C418FB3E5C3,4,255,0,,1,2025-09-15 17:29:57.413,2025-09-15 17:29:57.413
259B2C2B-B4D8-48D1-8177-7665E7597CF0,Giám đốc Vận hành ,LV2.131,267FF172-91F5-4479-BE8E-81454AD48971,4,256,0,,1,2025-09-15 17:29:57.413,2025-09-15 17:29:57.413
F835FF96-DE6B-40DD-803B-FD540BFF6ACE,Bộ phận Bảo trì,LV2.132,EADAED95-91E1-4C50-A645-6C418FB3E5C3,4,257,0,,1,2025-09-15 17:29:57.413,2025-09-15 17:29:57.413
46366796-A0EA-4CA0-93C8-E4C3AF9CAF54,Bộ phận Công nghệ thông tin ,LV2.134,AB479496-37B7-4381-B5F5-BA581F3D211D,4,259,0,,1,2025-09-15 17:29:57.413,2025-09-15 17:29:57.413
7B9FEEE3-15A5-4B11-BA89-7F8BF7BDF70C,Khối kho,LV2.135,2F387D09-21B4-4B1D-B2B1-851D725952C9,4,260,0,,1,2025-09-15 17:29:57.413,2025-09-15 17:29:57.413
2CCFBFBE-BE23-484F-9121-F55C48622310,Bộ phận An toàn ,LV2.136,AB479496-37B7-4381-B5F5-BA581F3D211D,4,261,0,,1,2025-09-15 17:29:57.413,2025-09-15 17:29:57.413
634BD134-DBDB-45E1-B024-8098E7C12965,Khối vận tải,LV2.137,2F387D09-21B4-4B1D-B2B1-851D725952C9,4,262,0,,1,2025-09-15 17:29:57.413,2025-09-15 17:29:57.413
3805138D-203E-45A4-8EA3-45CA08BEA717,Khối kho,LV2.138,69BBC2F1-79C4-4F95-8AFD-1248E4823E65,4,263,0,,1,2025-09-15 17:29:57.413,2025-09-15 17:29:57.413
2138DA95-0FAD-4863-8DA0-DFEC808E87F0,Bộ phận Công nghệ thông tin ,LV2.139,99F24CFD-E60F-4DA4-A610-A1F28478EF73,4,264,0,,1,2025-09-15 17:29:57.413,2025-09-15 17:29:57.413
C7DAF83F-4881-4256-9740-7430C57E6C16,Bộ phận Tài chính kế toán ,LV2.140,99F24CFD-E60F-4DA4-A610-A1F28478EF73,4,265,0,,1,2025-09-15 17:29:57.413,2025-09-15 17:29:57.413
B17A0FE0-F829-461E-9FEF-1FCA1B4575CA,Bộ phận Thương mại ,LV2.141,1B66A9E2-68C6-4584-B33C-EF3A1511F098,4,266,0,,1,2025-09-15 17:29:57.413,2025-09-15 17:29:57.413
5A5EA318-DB4C-49AC-AB03-A93105F02109,Bộ phận Hành Chánh Nhân Sự,LV2.142,99F24CFD-E60F-4DA4-A610-A1F28478EF73,4,267,0,,1,2025-09-15 17:29:57.413,2025-09-15 17:29:57.413
AD4E9A81-90CD-4AD1-A334-999C97B911CF,Khối vận tải,LV2.143,69BBC2F1-79C4-4F95-8AFD-1248E4823E65,4,268,0,,1,2025-09-15 17:29:57.413,2025-09-15 17:29:57.413
5EF826B1-93D0-4C77-9268-0AB93B933D53,Bộ phận An toàn ,LV2.144,99F24CFD-E60F-4DA4-A610-A1F28478EF73,4,269,0,,1,2025-09-15 17:29:57.413,2025-09-15 17:29:57.413
CCF441E7-C10B-4B29-B373-AC08B613A3C8,Bộ phận Giải pháp kinh doanh,LV2.145,99F24CFD-E60F-4DA4-A610-A1F28478EF73,4,270,0,,1,2025-09-15 17:29:57.413,2025-09-15 17:29:57.413
E0A43531-699C-4FC2-9B2D-10F808E3ECB3,Bộ phận Thu mua,LV2.146,99F24CFD-E60F-4DA4-A610-A1F28478EF73,4,271,0,,1,2025-09-15 17:29:57.413,2025-09-15 17:29:57.413
D9ACD9A1-5984-4B67-9D8D-BF1AD81F5F89,Team A (Dự án mới),LV2.147,99F24CFD-E60F-4DA4-A610-A1F28478EF73,4,272,0,,1,2025-09-15 17:29:57.413,2025-09-15 17:29:57.413
BD6D1A12-B2F4-45E3-828F-573BF1C47A86,Phát Triển Kinh Doanh,LV2.148,E74073FF-DC18-4D0E-BAC5-966AF4AD8DB9,4,273,0,,1,2025-09-15 17:29:57.413,2025-09-15 17:29:57.413
3BAA8513-9314-4526-94E8-1E7C2DB08E54,Tăng Trưởng,LV2.149,E74073FF-DC18-4D0E-BAC5-966AF4AD8DB9,4,274,0,,1,2025-09-15 17:29:57.413,2025-09-15 17:29:57.413
3CFDD573-9728-4AEB-8E61-711B3DD5DDA9,Quản Lý Thuê Ngoài,LV2.150,91C7C116-A3E1-4748-A438-5869C0C77AE9,4,275,0,,1,2025-09-15 17:29:57.413,2025-09-15 17:29:57.413
D96137FE-E22E-4297-AC27-16BC17C329BC,Engineering,LV2.151,4AB97C55-E06A-4D88-B554-A96FD954D391,4,276,0,,1,2025-09-15 17:29:57.413,2025-09-15 17:29:57.413
318DCD69-0402-4A08-A67E-F4F4602FD6BE,Product,LV2.152,4AB97C55-E06A-4D88-B554-A96FD954D391,4,277,0,,1,2025-09-15 17:29:57.413,2025-09-15 17:29:57.413
E74CC510-443D-4756-8242-603CB8412EAE,Kỹ thuật Phần mềm,LV2.153,0078C769-BD8E-4CBC-B723-7F5B8283A03D,4,278,0,,1,2025-09-15 17:29:57.413,2025-09-15 17:29:57.413
7107E23B-E32C-4252-870B-536104BEDDDE,Phát triển KD phần mềm,LV2.154,0078C769-BD8E-4CBC-B723-7F5B8283A03D,4,279,0,,1,2025-09-15 17:29:57.413,2025-09-15 17:29:57.413
467D4684-521B-4A71-B439-F0040D54D088,Phát triển Sản phẩm,LV2.155,0078C769-BD8E-4CBC-B723-7F5B8283A03D,4,280,0,,1,2025-09-15 17:29:57.413,2025-09-15 17:29:57.413
80724091-7FDA-4F62-B4F5-671D9A27F6B9,Huyên_PB_Team,Huyên6,0AE3166F-FE4A-4FFA-AA18-5CAE88897727,4,2003,0,,1,2025-03-03 14:26:21.983,2025-04-07 17:14:03.317
C9A53097-697E-40A5-8D20-CF73474074FE,Đơn vị cấp 2,Đơn vị cấp 2,255577B2-2587-4328-8AF8-09B6F134397E,4,2004,0,,1,2025-04-14 11:03:15.313,2025-05-27 17:51:33.390
3BD49A4D-3B99-49BF-BF76-F8EFB244E352,Bộ phận Tài chính kế toán,LV2.156,AB479496-37B7-4381-B5F5-BA581F3D211D,4,5566,0,,1,2025-11-16 21:12:33.190,2025-11-16 21:12:33.190
9B3B8389-49B4-4FEE-AE63-84FBFB9DEAB5,Bộ phận Thương mại,LV2.157,58DEBC7C-4304-4607-9F9A-8E5555C767E8,4,5570,0,,1,2025-11-16 21:40:53.567,2025-11-16 21:40:53.567
248BA054-E76C-446B-8C70-F1192C7BC155,Bộ phận Hành Chánh Nhân Sự,LV2.158,73457598-E8A5-44AB-8588-FB06F8D95EB2,4,5573,0,,1,2025-12-01 21:11:16.680,2025-12-01 21:11:16.680
41C8AB27-A7F0-4838-BA51-0C16F104FFA0,Bộ phận An toàn,LV2.159,73457598-E8A5-44AB-8588-FB06F8D95EB2,4,5574,0,,1,2025-12-01 21:16:44.493,2025-12-01 21:16:44.493
745DB200-9197-48F8-834E-E1F413DA99E9,Quản lý khách hàng,LV2.160,0078C769-BD8E-4CBC-B723-7F5B8283A03D,4,5577,0,,1,2025-12-18 12:15:14.120,2026-01-21 15:31:14.560
FB57B5A5-106C-47BC-9CA3-FFD6A3B838BC,Ngân Quỹ,LV3.1,6D43046B-5714-4E90-9B45-44AF8AFA2693,5,281,0,,1,2025-09-15 17:37:30.027,2025-09-15 17:37:30.027
E0D5F550-F65B-4AD3-9473-B10FB08C77DA,Kế toán,LV3.2,BE7BE978-CCB2-4D9C-925B-4A6D1D24BD81,5,282,0,,1,2025-09-15 17:37:30.027,2025-09-15 17:37:30.027
3F599AE8-F031-45E2-9A3A-CA3CE6053E8D,Giao nhận,LV3.3,1B4F26CF-85E2-48E8-BB16-538693634DE4,5,283,0,,1,2025-09-15 17:37:30.027,2025-09-15 17:37:30.027
38025544-8426-4A29-A20B-F56F1CAC6EA0,Tạp vụ,LV3.4,1B4F26CF-85E2-48E8-BB16-538693634DE4,5,284,0,,1,2025-09-15 17:37:30.027,2025-09-15 17:37:30.027
57843C90-8C78-461F-A35E-2D90F9E595E4,Hiện trường,LV3.5,6B30BE3A-F034-4CBA-A15F-4A0E8D5E018A,5,285,0,,1,2025-09-15 17:37:30.027,2025-09-15 17:37:30.027
E147C50F-8B0C-406B-9CE0-C2AA4F38AA43,Tiếp tân,LV3.6,1B4F26CF-85E2-48E8-BB16-538693634DE4,5,286,0,,1,2025-09-15 17:37:30.027,2025-09-15 17:37:30.027
B2244CB7-5B5B-4D56-9DF7-14E1C6404F31,Giao nhận vận chuyển,LV3.7,BE7BE978-CCB2-4D9C-925B-4A6D1D24BD81,5,287,0,,1,2025-09-15 17:37:30.027,2025-09-15 17:37:30.027
4FCE5824-7217-415B-9628-B0AFAEEAB34D,Hệ thống CNTT,LV3.8,4454162C-7558-4117-A01D-FCC556ED3FFA,5,288,0,,1,2025-09-15 17:37:30.027,2025-09-15 17:37:30.027
E600CB3E-A644-48B1-B35A-3915CAF1C774,An ninh mạng & hệ thống,LV3.9,4454162C-7558-4117-A01D-FCC556ED3FFA,5,289,0,,1,2025-09-15 17:37:30.027,2025-09-15 17:37:30.027
F6688953-9A2B-4132-9710-657456EFCC73,Data & Smart,LV3.10,FB2EB0A6-CB7C-484C-8CE0-9E9F1F47C6B6,5,290,0,,1,2025-09-15 17:37:30.027,2025-09-15 17:37:30.027
6BC64284-3FDF-4E80-B54C-1B4495D105E4,Giải pháp Supply Chain,LV3.11,FB2EB0A6-CB7C-484C-8CE0-9E9F1F47C6B6,5,291,0,,1,2025-09-15 17:37:30.027,2025-09-15 17:37:30.027
42CACAA1-313D-49DC-A94C-8BDAC6023163,Mạng lưới và Dịch vụ CNTT,LV3.12,4454162C-7558-4117-A01D-FCC556ED3FFA,5,292,0,,1,2025-09-15 17:37:30.027,2025-09-15 17:37:30.027
BDEC21D3-4C44-4056-A924-FACC88AFABD2,Hiện trường,LV3.13,F871DB68-BB54-4D32-BC07-C76C84C55047,5,293,0,,1,2025-09-15 17:37:30.027,2025-09-15 17:37:30.027
E820B1F5-9E40-4DCD-8E0D-69C432A9A675,Doanh Thu,LV3.14,D0AE1D3D-9B8B-4708-BE20-C45576C2C626,5,294,0,,1,2025-09-15 17:37:30.027,2025-09-15 17:37:30.027
92E8E2AD-F3FA-4131-9F8A-B021DD35E399,Chi Phí,LV3.15,D0AE1D3D-9B8B-4708-BE20-C45576C2C626,5,295,0,,1,2025-09-15 17:37:30.027,2025-09-15 17:37:30.027
6D69D857-9753-4B8C-97BE-4FF765BF008A,Tổng Hợp,LV3.16,D0AE1D3D-9B8B-4708-BE20-C45576C2C626,5,296,0,,1,2025-09-15 17:37:30.027,2025-09-15 17:37:30.027
CFD88A54-AFC8-4965-90A8-696E7957FD26,Hiện trường,LV3.17,9D544C2D-DA39-4C45-8969-C791DB75D549,5,297,0,,1,2025-09-15 17:37:30.027,2025-09-15 17:37:30.027
914AB416-6E8F-49D2-AD3A-D87CA19794FC,Đặt chỗ,LV3.18,9D544C2D-DA39-4C45-8969-C791DB75D549,5,298,0,,1,2025-09-15 17:37:30.027,2025-09-15 17:37:30.027
052333E4-5FBA-4BE8-A65E-4F3F7FC06F5C,Kinh doanh,LV3.19,9D544C2D-DA39-4C45-8969-C791DB75D549,5,299,0,,1,2025-09-15 17:37:30.027,2025-09-15 17:37:30.027
35A11DA1-947D-4AB0-97EE-42C548791A44,Hiện trường,LV3.20,680594DB-292B-4622-9FF3-407A4B93704A,5,300,0,,1,2025-09-15 17:37:30.027,2025-09-15 17:37:30.027
704F1C3C-7617-4DE5-93E7-067B86F1C214,Kinh doanh,LV3.21,680594DB-292B-4622-9FF3-407A4B93704A,5,301,0,,1,2025-09-15 17:37:30.027,2025-09-15 17:37:30.027
9D9446F9-62AE-4C3A-924E-76188960E288,Dịch vụ khách hàng,LV3.22,2FB3AC92-BD7E-40AF-B97C-693706F0DCED,5,302,0,,1,2025-09-15 17:37:30.027,2025-09-15 17:37:30.027
3364E00D-B354-46E5-8097-BBFF7032BB72,Đặt chỗ,LV3.23,E39EE727-D296-45DC-ACA6-B55EC34C2253,5,303,0,,1,2025-09-15 17:37:30.027,2025-09-15 17:37:30.027
C79AAB77-D0FF-46A4-A088-07C0ACA973AA,Hiện trường,LV3.24,E39EE727-D296-45DC-ACA6-B55EC34C2253,5,304,0,,1,2025-09-15 17:37:30.027,2025-09-15 17:37:30.027
26564E44-F133-41CE-967F-66119E06918A,Hiện trường,LV3.25,56872A98-D9A2-4B2A-890A-F115184EC21D,5,305,0,,1,2025-09-15 17:37:30.027,2025-09-15 17:37:30.027
13589694-4AD8-4829-90AD-21CA129B74DF,Đặt chỗ,LV3.26,56872A98-D9A2-4B2A-890A-F115184EC21D,5,306,0,,1,2025-09-15 17:37:30.027,2025-09-15 17:37:30.027
AFED10B5-573B-484D-8B3B-5CA2FA32BA82,Khai quan,LV3.27,A6EED953-54B7-4B5D-9984-9B5D528D2E4A,5,307,0,,1,2025-09-15 17:37:30.027,2025-09-15 17:37:30.027
53BC9B82-740A-4C6E-ABDA-AB36F91D8CB6,Dịch vụ hải quan,LV3.28,BC842BDF-0F1C-4908-BE81-F8118AACE651,5,308,0,,1,2025-09-15 17:37:30.027,2025-09-15 17:37:30.027
195CF868-0241-4B1A-9866-34A708F7053A,Flexport Project – Sea Freight,LV3.29,BC842BDF-0F1C-4908-BE81-F8118AACE651,5,309,0,,1,2025-09-15 17:37:30.027,2025-09-15 17:37:30.027
AD4CB12D-5F61-4275-8FBF-93E5AACD055F,Đại lý Vùng,LV3.30,B8937CB1-8399-45F4-91B8-22D9A4712B13,5,310,0,,1,2025-09-15 17:37:30.027,2025-09-15 17:37:30.027
B396C55A-4289-4D3B-9C65-5D88922165FD,Air Freight,LV3.31,BC842BDF-0F1C-4908-BE81-F8118AACE651,5,311,0,,1,2025-09-15 17:37:30.027,2025-09-15 17:37:30.027
22D00125-F961-4746-8A48-D71C8A693BFD,Chi phí,LV3.32,7822E0DD-3FB0-4BBB-A254-8212E420BD2C,5,312,0,,1,2025-09-15 17:37:30.027,2025-09-15 17:37:30.027
2C51606C-BBCD-490D-8865-723A6EC521EF,Kinh doanh khách hàng chiến lược,LV3.33,B8937CB1-8399-45F4-91B8-22D9A4712B13,5,313,0,,1,2025-09-15 17:37:30.027,2025-09-15 17:37:30.027
1EFF7BC5-5B71-4FEE-A71C-6872FF51C0B2,Nhóm 3,LV3.34,1BC65CE8-5C4C-4BD7-86F3-2AEAFE5DF21E,5,314,0,,1,2025-09-15 17:37:30.027,2025-09-15 17:37:30.027
B81371A3-E356-4521-A758-8DBF5C08BB2C,Nhóm 1,LV3.35,1BC65CE8-5C4C-4BD7-86F3-2AEAFE5DF21E,5,315,0,,1,2025-09-15 17:37:30.027,2025-09-15 17:37:30.027
FF064BE8-33BA-4512-9EA7-3268458F0396,Chứng từ,LV3.36,CD155D2E-9EF1-4F49-B944-140504A5D0E7,5,316,0,,1,2025-09-15 17:37:30.027,2025-09-15 17:37:30.027
D849CDA4-D563-44CA-A607-B2F24EECC6A6,Dịch vụ vận tải,LV3.37,CD155D2E-9EF1-4F49-B944-140504A5D0E7,5,317,0,,1,2025-09-15 17:37:30.027,2025-09-15 17:37:30.027
59DEC42C-B1AA-4EB6-8FCD-A1545F113CF2,Air Team,LV3.38,45016C6C-321D-4ED7-8328-25E9AA4D7E3A,5,318,0,,1,2025-09-15 17:37:30.027,2026-01-21 16:32:26.377
9F1596CF-C4E9-427B-A678-F2E70187FCDB,Bộ phận Unilever,LV3.39,CD155D2E-9EF1-4F49-B944-140504A5D0E7,5,319,0,,1,2025-09-15 17:37:30.027,2025-09-15 17:37:30.027
50189490-AEBD-4B99-9944-1F368E0B29DD,Flexport,LV3.40,45016C6C-321D-4ED7-8328-25E9AA4D7E3A,5,320,0,,1,2025-09-15 17:37:30.027,2025-09-15 17:37:30.027
5256ABB9-69CC-47E6-98AB-1F0EEE691ADE,Phụ trách hàng đường biển,LV3.41,CD155D2E-9EF1-4F49-B944-140504A5D0E7,5,321,0,,1,2025-09-15 17:37:30.027,2025-09-15 17:37:30.027
5AB47721-3123-4BF5-A752-BED1412140FE,"Đại lý Vùng, Châu Á, Trung Đông, Châu Phi",LV3.42,4B9B1D46-78CB-4731-AE0B-F38DE8D4104F,5,322,0,,1,2025-09-15 17:37:30.027,2025-09-15 17:37:30.027
D8E21ED3-BA93-4C6F-93EC-D6B3B2D06193,"Đại lý Vùng, Bắc/ Nam Mỹ",LV3.43,4B9B1D46-78CB-4731-AE0B-F38DE8D4104F,5,323,0,,1,2025-09-15 17:37:30.027,2025-09-15 17:37:30.027
8E8DE6EA-F5B8-494C-B642-E33A96226288,Team Tài xế văn phòng,LV3.44,C6E64FD5-E0F6-479D-BD71-37CC8ECBE9C9,5,324,0,,1,2025-09-15 17:37:30.027,2025-09-15 17:37:30.027
1FF51C82-8A6D-4A65-BC48-193A5C8153A1,Giải Pháp Giá Trị Gia Tăng,LV3.45,58D34C9A-A724-4645-83A1-14EE83F7BAF8,5,325,0,,1,2025-09-15 17:37:30.027,2025-09-15 17:37:30.027
FC7C3A7D-8FEC-4506-AEDC-3462C7378ADB,Chứng từ,LV3.46,58D34C9A-A724-4645-83A1-14EE83F7BAF8,5,326,0,,1,2025-09-15 17:37:30.027,2025-09-15 17:37:30.027
50FC89C7-980B-452C-ADBC-063F62D786B5,Air Flexport,LV3.47,ED133829-7F87-46A3-A059-9433A889C489,5,327,0,,1,2025-09-15 17:37:30.027,2025-09-15 17:37:30.027
8919D904-A33A-4251-8445-EB160469DAAB,Air,LV3.48,ED133829-7F87-46A3-A059-9433A889C489,5,328,0,,1,2025-09-15 17:37:30.027,2025-09-15 17:37:30.027
5EE9437D-FAE1-43BF-8421-30FD00A8E5F1,Kinh doanh HAN,LV3.49,ECC41261-3814-477B-818A-A31351FCB373,5,329,0,,1,2025-09-15 17:37:30.027,2025-09-15 17:37:30.027
FBF48902-6121-4EFB-8156-1B663DD27BA4,Kinh doanh SGN,LV3.50,ECC41261-3814-477B-818A-A31351FCB373,5,330,0,,1,2025-09-15 17:37:30.027,2025-09-15 17:37:30.027
49E5FCC2-E7B2-42A7-B93E-90E57088838F,Nhóm kế toán vận tải ,LV3.51,2E72933F-BD8F-4208-A460-59B6F1F4556D,5,331,0,,1,2025-09-15 17:37:30.027,2025-09-15 17:37:30.027
A5CB4630-AF44-4ECA-AD82-EE4B4E9A5E72,Nhóm Kế toán quản lý ,LV3.52,2E72933F-BD8F-4208-A460-59B6F1F4556D,5,332,0,,1,2025-09-15 17:37:30.027,2025-09-15 17:37:30.027
324CFF6B-FC4D-4FED-8095-1784ECC7441E,Văn phòng Bình Dương,LV3.53,EE2F9ABA-B2CB-4498-94D6-84AB8414EE5D,5,333,0,,1,2025-09-15 17:37:30.027,2025-09-15 17:37:30.027
1EDBC954-C182-4AD9-AA2F-012BC49313B4,Đội xe Bình Dương,LV3.54,25B6370C-C34C-4345-BD28-5B8EE2FE6256,5,334,0,,1,2025-09-15 17:37:30.027,2025-09-15 17:37:30.027
3F0D534B-2BE9-4892-96C0-02E5DC8BFE75,Văn phòng Bình Dương,LV3.55,25B6370C-C34C-4345-BD28-5B8EE2FE6256,5,335,0,,1,2025-09-15 17:37:30.027,2025-09-15 17:37:30.027
7DFA4DB4-8790-4D1A-A4D7-064B0EE54B48,Văn phòng Bình Dương,LV3.56,404D85F2-3C39-4CCB-B6E1-677E5E2136A1,5,336,0,,1,2025-09-15 17:37:30.027,2025-09-15 17:37:30.027
BF2D9BFC-4A80-4510-81F7-FD6C5982575D,Văn phòng phía Bắc,LV3.57,EE2F9ABA-B2CB-4498-94D6-84AB8414EE5D,5,337,0,,1,2025-09-15 17:37:30.027,2025-09-15 17:37:30.027
209BD2E7-42AE-44AB-A9B1-D3468C1E4D0A,Văn phòng phía Bắc,LV3.58,404D85F2-3C39-4CCB-B6E1-677E5E2136A1,5,338,0,,1,2025-09-15 17:37:30.027,2025-09-15 17:37:30.027
24013F7D-AEB0-4C80-A6D9-FE98F8C2C84C,Nhóm nhân viên Kế toán,LV3.59,E491F754-95AE-49A3-883B-A9324EB9D53B,5,339,0,,1,2025-09-15 17:37:30.027,2025-09-15 17:37:30.027
22F800EB-F0C1-4D64-8904-035BB87C1AC4,Nhóm kho khô,LV3.60,31B069AF-F6ED-4D14-8D19-CF42D9E0CC8E,5,340,0,,1,2025-09-15 17:37:30.027,2025-09-15 17:37:30.027
993A8BDE-30EF-42AB-B1CE-69EA9F59CA05,Nhóm Hạ tầng công nghệ ,LV3.61,8C1F4FC8-47BD-4FFD-BD98-EF1853AD18D4,5,341,0,,1,2025-09-15 17:37:30.027,2025-09-15 17:37:30.027
B871D6AF-5762-452F-8575-EB881CD4DBB8,Nhóm phân tích giải pháp công nghệ ,LV3.62,8C1F4FC8-47BD-4FFD-BD98-EF1853AD18D4,5,342,0,,1,2025-09-15 17:37:30.027,2025-09-15 17:37:30.027
1828E78C-3FD8-4876-B9CC-015AC294DB25,Nhóm Phát triển hệ thống công nghệ ,LV3.63,8C1F4FC8-47BD-4FFD-BD98-EF1853AD18D4,5,343,0,,1,2025-09-15 17:37:30.027,2025-09-15 17:37:30.027
4F4787CF-D4F6-4ACE-BB9C-66FF377605C3,Nhóm quản lý dự án ,LV3.64,8C1F4FC8-47BD-4FFD-BD98-EF1853AD18D4,5,344,0,,1,2025-09-15 17:37:30.027,2025-09-15 17:37:30.027
18C2C7E5-255A-401C-A744-2CB4D46AC48B,Nhóm nhân viên Kế toán,LV3.65,2C67CCB9-E1F0-4DEE-9113-1FC19CC56394,5,345,0,,1,2025-09-15 17:37:30.027,2025-09-15 17:37:30.027
5A4E3551-D510-481D-80CE-6B2CD1C35156,Nhóm Kế toán quản lý ,LV3.66,2C67CCB9-E1F0-4DEE-9113-1FC19CC56394,5,346,0,,1,2025-09-15 17:37:30.027,2025-09-15 17:37:30.027
ACE1331C-F2DF-4436-89F7-C6E2C7673B3A,Nhóm kho khô,LV3.67,6A24D7B7-D03F-4E4B-BD60-A1CA35A5F093,5,347,0,,1,2025-09-15 17:37:30.027,2025-09-15 17:37:30.027
11053A17-426F-452C-AF25-F017E080E26E,Nhóm Kho lạnh ,LV3.68,6A24D7B7-D03F-4E4B-BD60-A1CA35A5F093,5,348,0,,1,2025-09-15 17:37:30.027,2025-09-15 17:37:30.027
1340A8F0-77D5-4C2A-8FDD-5AE8E93FD3F3,Nhóm Phát triển kinh doanh ,LV3.69,117E9C46-78E7-40A2-8BEE-EA6962D746AC,5,349,0,,1,2025-09-15 17:37:30.027,2025-09-15 17:37:30.027
46321D6D-B24B-4AC5-9F73-7060B1F30367,Nhóm Khách hàng trọng điểm ,LV3.70,117E9C46-78E7-40A2-8BEE-EA6962D746AC,5,350,0,,1,2025-09-15 17:37:30.027,2025-09-15 17:37:30.027
FD08C5D2-462A-49EE-AD72-388B67953FB8,Nhóm hành chính,LV3.71,9FE7B9D1-017E-4A43-ADA7-9748F580693A,5,351,0,,1,2025-09-15 17:37:30.027,2026-01-22 16:46:26.977
09DDC340-3B02-4EE4-BB23-B908527D56F8,Nhóm Tiền lương Phúc lợi ,LV3.72,9FE7B9D1-017E-4A43-ADA7-9748F580693A,5,352,0,,1,2025-09-15 17:37:30.027,2025-09-15 17:37:30.027
FF3178B1-6C3A-42F5-85FF-E219B03B17D4,Tuyển dụng ,LV3.73,9FE7B9D1-017E-4A43-ADA7-9748F580693A,5,353,0,,1,2025-09-15 17:37:30.027,2025-09-15 17:37:30.027
7AB19100-CDBF-4C46-A68E-B1C0D519E58D,Nhân sự tổng hợp,LV3.74,9FE7B9D1-017E-4A43-ADA7-9748F580693A,5,354,0,,1,2025-09-15 17:37:30.027,2025-09-15 17:37:30.027
CD9FCDF9-1773-4FA3-B354-E88D0F017576,Nhóm Đào tạo và phát triển ,LV3.75,9FE7B9D1-017E-4A43-ADA7-9748F580693A,5,355,0,,1,2025-09-15 17:37:30.027,2025-09-15 17:37:30.027
ECFD5B73-F2CC-4BAB-97E6-F380E020E0D7,Nhân sự vận tải ,LV3.76,9FE7B9D1-017E-4A43-ADA7-9748F580693A,5,356,0,,1,2025-09-15 17:37:30.027,2025-09-15 17:37:30.027
93953C55-5504-4200-ABC0-757209B1F712,Nhóm An toàn - Kho ,LV3.77,4A6A93C6-11BA-4E80-94F3-AE3033040179,5,357,0,,1,2025-09-15 17:37:30.027,2025-09-15 17:37:30.027
B8A32EBF-89E9-40CB-91D4-A7039D14101A,Nhóm An toàn - Vận tải ,LV3.78,4A6A93C6-11BA-4E80-94F3-AE3033040179,5,358,0,,1,2025-09-15 17:37:30.027,2025-09-15 17:37:30.027
38AFE9F5-0882-42C1-BD26-88F22397FB23,Trung tâm vận tải đường bộ (FTL),LV3.79,2F24F08D-29A6-43E9-BF0A-E10EE1E7D2B2,5,359,0,,1,2025-09-15 17:37:30.027,2025-09-15 17:37:30.027
D17352A9-A7DD-4534-9281-28759F3259B4,Trung tâm vận tải đường sắt (Rail),LV3.80,2F24F08D-29A6-43E9-BF0A-E10EE1E7D2B2,5,360,0,,1,2025-09-15 17:37:30.027,2025-09-15 17:37:30.027
7D08DE92-C925-49B2-B973-D321B0DA84E0,Trung tâm Phân phối - SGN,LV3.81,2F24F08D-29A6-43E9-BF0A-E10EE1E7D2B2,5,361,0,,1,2025-09-15 17:37:30.027,2025-09-15 17:37:30.027
5AEC4635-BE27-4BD1-AD7A-69E750B3B656,Transportation Sales,LV3.82,2F24F08D-29A6-43E9-BF0A-E10EE1E7D2B2,5,362,0,,1,2025-09-15 17:37:30.027,2025-09-15 17:37:30.027
85CE250F-44A8-43B8-BF72-0065E7E7C0E4,Operation Excellent,LV3.83,6A24D7B7-D03F-4E4B-BD60-A1CA35A5F093,5,363,0,,1,2025-09-15 17:37:30.027,2026-02-25 17:00:59.440
B8F7E5C4-8368-4D7F-AF87-EE63D52EFF1D,Nhóm Kho lạnh ,LV3.84,7B9FEEE3-15A5-4B11-BA89-7F8BF7BDF70C,5,364,0,,1,2025-09-15 17:37:30.027,2025-09-15 17:37:30.027
3BBE3338-E0E0-429D-B5C4-1255F5B3D60A,Nhóm vận tải,LV3.85,634BD134-DBDB-45E1-B024-8098E7C12965,5,365,0,,1,2025-09-15 17:37:30.027,2025-09-15 17:37:30.027
14F5CA00-9EDE-4C5F-9808-EC065C51AB2E,Nhóm kho khô,LV3.86,3805138D-203E-45A4-8EA3-45CA08BEA717,5,366,0,,1,2025-09-15 17:37:30.027,2025-09-15 17:37:30.027
454190AC-F7F2-4C13-A146-2DD45A65C6EF,Facility,LV3.87,3805138D-203E-45A4-8EA3-45CA08BEA717,5,367,0,,1,2025-09-15 17:37:30.027,2025-09-15 17:37:30.027
01179A06-4405-449C-9FAC-AF7B32AF4BF7,Hải quan,LV3.88,3805138D-203E-45A4-8EA3-45CA08BEA717,5,368,0,,1,2025-09-15 17:37:30.027,2025-09-15 17:37:30.027
184DB560-1808-4224-85C2-8B86C8EFFC32,Nhóm Hạ tầng công nghệ ,LV3.89,2138DA95-0FAD-4863-8DA0-DFEC808E87F0,5,369,0,,1,2025-09-15 17:37:30.027,2025-09-15 17:37:30.027
D03267E3-A682-439E-A772-F737A37BAF02,Nhóm phân tích giải pháp công nghệ ,LV3.90,2138DA95-0FAD-4863-8DA0-DFEC808E87F0,5,370,0,,1,2025-09-15 17:37:30.027,2025-09-15 17:37:30.027
BC2E7F39-4B3B-4694-8707-56BEBC3EA3B3,Nhóm nhân viên Kế toán,LV3.91,C7DAF83F-4881-4256-9740-7430C57E6C16,5,371,0,,1,2025-09-15 17:37:30.027,2025-09-15 17:37:30.027
24699C8C-24BF-4D79-B265-8A6F57ECA020,Nhóm Kế toán quản lý ,LV3.92,C7DAF83F-4881-4256-9740-7430C57E6C16,5,372,0,,1,2025-09-15 17:37:30.027,2025-09-15 17:37:30.027
EDBCA84E-4C99-4D0B-8478-E46404F5A14C,Nhóm Phát triển kinh doanh ,LV3.93,B17A0FE0-F829-461E-9FEF-1FCA1B4575CA,5,373,0,,1,2025-09-15 17:37:30.027,2025-09-15 17:37:30.027
133D48C3-F983-4121-9002-AE2900BC3316,Nhóm hành chính,LV3.94,5A5EA318-DB4C-49AC-AB03-A93105F02109,5,374,0,,1,2025-09-15 17:37:30.027,2025-09-15 17:37:30.027
59CC05B2-FE2D-4735-88D6-67123E3DA318,Tuyển dụng ,LV3.95,5A5EA318-DB4C-49AC-AB03-A93105F02109,5,375,0,,1,2025-09-15 17:37:30.027,2025-09-15 17:37:30.027
22BCFC56-297A-4916-9691-19016A8CFFF6,Nhóm Tiền lương Phúc lợi ,LV3.96,5A5EA318-DB4C-49AC-AB03-A93105F02109,5,376,0,,1,2025-09-15 17:37:30.027,2025-09-15 17:37:30.027
2A10C6B4-FD67-410D-94B0-24ED3248C7E3,Nhân sự tổng hợp,LV3.97,5A5EA318-DB4C-49AC-AB03-A93105F02109,5,377,0,,1,2025-09-15 17:37:30.027,2025-09-15 17:37:30.027
C087000D-1AF6-40E2-9CF4-D6F385B37565,Trung tâm Phân phối - HAN,LV3.98,AD4E9A81-90CD-4AD1-A334-999C97B911CF,5,378,0,,1,2025-09-15 17:37:30.027,2025-09-15 17:37:30.027
694E6159-BC08-4CB2-8B0D-7085E3B44D20,Trung tâm vận tải đường bộ phía Bắc - FTLHAN,LV3.99,AD4E9A81-90CD-4AD1-A334-999C97B911CF,5,379,0,,1,2025-09-15 17:37:30.027,2025-09-15 17:37:30.027
B6720FEC-2F73-4AE9-A31A-97BF9C453793,Bộ phận Kế toán,LV3.100,AD4E9A81-90CD-4AD1-A334-999C97B911CF,5,380,0,,1,2025-09-15 17:37:30.027,2025-09-15 17:37:30.027
A25468B3-0921-4164-9824-8E0962070A91,Nhóm An toàn - Vận tải ,LV3.101,5EF826B1-93D0-4C77-9268-0AB93B933D53,5,381,0,,1,2025-09-15 17:37:30.027,2025-09-15 17:37:30.027
A68A9F61-D075-4CBC-A5D3-8CF1DA81F7FF,Nhóm An toàn - Kho ,LV3.102,5EF826B1-93D0-4C77-9268-0AB93B933D53,5,382,0,,1,2025-09-15 17:37:30.027,2025-09-15 17:37:30.027
034219CA-A55D-47DD-BD23-95AE4E4FC564,Backend Developer 01,LV3.103,D96137FE-E22E-4297-AC27-16BC17C329BC,5,383,0,,1,2025-09-15 17:37:30.027,2025-09-15 17:37:30.027
74EB8D1D-44F3-4579-9E0D-1640771DA0DA,Backend Developer 02,LV3.104,D96137FE-E22E-4297-AC27-16BC17C329BC,5,384,0,,1,2025-09-15 17:37:30.027,2025-09-15 17:37:30.027
3D056DC2-CCE8-4CE7-98F1-3C8431E216CC,Frontend Developer,LV3.105,D96137FE-E22E-4297-AC27-16BC17C329BC,5,385,0,,1,2025-09-15 17:37:30.027,2025-09-15 17:37:30.027
25774708-68D0-45EC-AA4C-909C310E41A3,Kiểm soát chất lượng,LV3.106,D96137FE-E22E-4297-AC27-16BC17C329BC,5,386,0,,1,2025-09-15 17:37:30.027,2025-09-15 17:37:30.027
E2B653FC-5E30-48B8-AA73-6965B301C8C1,Tối ưu phần mềm,LV3.107,E74CC510-443D-4756-8242-603CB8412EAE,5,387,0,,1,2025-09-15 17:37:30.027,2025-12-18 12:05:11.487
5779441A-6698-4501-A323-AF6B58DE84D3,Phân tích sản phẩm 01,LV3.108,318DCD69-0402-4A08-A67E-F4F4602FD6BE,5,388,0,,1,2025-09-15 17:37:30.027,2025-09-15 17:37:30.027
7DFD2EF9-643A-46A0-9F0F-203A8E427257,Phân tích sản phẩm 02,LV3.109,318DCD69-0402-4A08-A67E-F4F4602FD6BE,5,389,0,,1,2025-09-15 17:37:30.027,2025-09-15 17:37:30.027
74AE0D66-A784-4898-9335-60137296EFDD,Thiết kế sản phẩm,LV3.110,318DCD69-0402-4A08-A67E-F4F4602FD6BE,5,390,0,,1,2025-09-15 17:37:30.027,2025-09-15 17:37:30.027
D1EE8D40-F267-4D70-9623-6F54B41E6DAC,Giải pháp tích hợp,LV3.111,E74CC510-443D-4756-8242-603CB8412EAE,5,391,0,,1,2025-09-15 17:37:30.027,2025-09-15 17:37:30.027
DA832B74-3BD5-46E5-9D65-6AA9472727D0,Kiểm tra chất lượng,LV3.112,E74CC510-443D-4756-8242-603CB8412EAE,5,392,0,,1,2025-09-15 17:37:30.027,2026-01-22 09:58:07.387
183FF071-1CD1-444D-A209-4A1A25494204,Kỹ thuật,LV3.113,E74CC510-443D-4756-8242-603CB8412EAE,5,393,0,,1,2025-09-15 17:37:30.027,2025-09-15 17:37:30.027
E99F9805-0C25-4FAC-A38B-41257CFA41AA,Giải pháp Freight Forwarding,LV3.114,467D4684-521B-4A71-B439-F0040D54D088,5,394,0,,1,2025-09-15 17:37:30.027,2025-09-15 17:37:30.027
D46D43BD-4D97-4CA5-96F9-7A1A2EF43498,Giải pháp Vận tải,LV3.115,467D4684-521B-4A71-B439-F0040D54D088,5,395,0,,1,2025-09-15 17:37:30.027,2025-11-26 17:17:56.397
08CD40E3-B778-4422-BDC7-08B8DED091B1,Nhóm Hạ tầng công nghệ ,LV4.37,46366796-A0EA-4CA0-93C8-E4C3AF9CAF54,5,431,0,,1,2025-09-15 17:41:16.787,2025-09-15 17:41:16.787
09740B02-03DF-48B3-9354-864EEA159746,Kho Bình Dương,LV3.116,EE2F9ABA-B2CB-4498-94D6-84AB8414EE5D,5,501,0,,1,2025-09-15 20:30:59.237,2025-09-15 20:30:59.237
D5A2C67E-0103-4668-ACEB-6856EE0E20A6,Đơn vị cấp 3,Đơn vị cấp 3,C9A53097-697E-40A5-8D20-CF73474074FE,5,2005,0,,1,2025-04-14 11:09:01.910,2025-05-27 17:51:33.390
15F2CA15-9E40-463C-95F5-97C9399CAAB8,Nhóm Kho khô,LV3.117,7B9FEEE3-15A5-4B11-BA89-7F8BF7BDF70C,5,5567,0,,1,2025-11-16 21:25:54.940,2025-11-16 21:25:54.940
43C063E5-E9C7-4C36-AE52-2DF0C943EABE,Nhóm Khách hàng trọng điểm,LV3.118,B17A0FE0-F829-461E-9FEF-1FCA1B4575CA,5,5576,0,,1,2025-12-02 11:47:46.640,2025-12-02 11:47:46.640
39535359-AFE6-43FE-8438-2CC20544499B,Nhóm 1,LV4.2,FF064BE8-33BA-4512-9EA7-3268458F0396,6,396,0,,1,2025-09-15 17:41:16.787,2025-09-15 17:41:16.787
0269D06B-2FFF-47ED-BF11-97C2DD93BCED,Nhóm 2,LV4.3,FF064BE8-33BA-4512-9EA7-3268458F0396,6,397,0,,1,2025-09-15 17:41:16.787,2025-09-15 17:41:16.787
0C9D9142-343B-4F8E-8F95-309796CC005F,Nhóm 4,LV4.4,FF064BE8-33BA-4512-9EA7-3268458F0396,6,398,0,,1,2025-09-15 17:41:16.787,2025-09-15 17:41:16.787
F63E4BB2-314C-4A64-826D-E40E6CF75F17,SHE,LV4.5,D849CDA4-D563-44CA-A607-B2F24EECC6A6,6,399,0,,1,2025-09-15 17:41:16.787,2025-09-15 17:41:16.787
76775F44-7CD1-4A78-89CA-654DDDF3993A,Kho Bình Dương,LV4.6,324CFF6B-FC4D-4FED-8095-1784ECC7441E,6,400,0,,1,2025-09-15 17:41:16.787,2025-09-15 17:41:16.787
DCE4C1EF-35B2-4681-BE89-63E117101EF1,Đội xe Container,LV4.7,1EDBC954-C182-4AD9-AA2F-012BC49313B4,6,401,0,,1,2025-09-15 17:41:16.787,2025-09-15 17:41:16.787
EAD608DD-6D14-4F18-8014-952A478FA8F2,Đội xe tải nhỏ,LV4.8,1EDBC954-C182-4AD9-AA2F-012BC49313B4,6,402,0,,1,2025-09-15 17:41:16.787,2025-09-15 17:41:16.787
D663F8A0-3221-4486-BC92-E897B23BA52A,Kho Bắc Ninh,LV4.9,BF2D9BFC-4A80-4510-81F7-FD6C5982575D,6,403,0,,1,2025-09-15 17:41:16.787,2025-09-15 17:41:16.787
8682628A-C286-4A0A-A2AF-6ED8F6960B8E,Vùng 1 kho khô ,LV4.10,22F800EB-F0C1-4D64-8904-035BB87C1AC4,6,404,0,,1,2025-09-15 17:41:16.787,2025-09-15 17:41:16.787
A329B3C9-36E5-4764-8343-6B893F5DDD12,Vùng 1 kho khô,LV4.11,ACE1331C-F2DF-4436-89F7-C6E2C7673B3A,6,405,0,,1,2025-09-15 17:41:16.787,2025-09-15 17:41:16.787
69119E71-091D-4E72-AF68-E3709C834A85,Vùng 1 kho lạnh,LV4.12,11053A17-426F-452C-AF25-F017E080E26E,6,406,0,,1,2025-09-15 17:41:16.787,2025-09-15 17:41:16.787
EF491E4C-04D0-4AAF-A129-2F3F9A38CD86,HO - Cold chain,LV4.13,11053A17-426F-452C-AF25-F017E080E26E,6,407,0,,1,2025-09-15 17:41:16.787,2025-09-15 17:41:16.787
300DA1A6-2DBC-46AC-ABFD-0BEF72711831,Vùng 1 kho lạnh ,LV4.14,11053A17-426F-452C-AF25-F017E080E26E,6,408,0,,0,2025-09-15 17:41:16.787,2026-02-25 16:51:33.770
FAC92A28-3CB4-4E25-B162-66F75BC420B1,Kho chung ,LV4.15,ACE1331C-F2DF-4436-89F7-C6E2C7673B3A,6,409,0,,1,2025-09-15 17:41:16.787,2025-09-15 17:41:16.787
3979AF4D-31CB-473D-9FA4-F95DC0140E32,HR - South,LV4.16,FD08C5D2-462A-49EE-AD72-388B67953FB8,6,410,0,,1,2025-09-15 17:41:16.787,2026-01-22 17:43:52.987
A17DBE7B-9451-4F59-96F9-0BBC5AF978AF,HR - South,LV4.17,09DDC340-3B02-4EE4-BB23-B908527D56F8,6,411,0,,1,2025-09-15 17:41:16.787,2025-09-15 17:41:16.787
A808CA79-C838-46D2-B0F0-123BC6485221,HR - South,LV4.18,FF3178B1-6C3A-42F5-85FF-E219B03B17D4,6,412,0,,1,2025-09-15 17:41:16.787,2025-12-10 15:40:28.473
A7A04F6F-D4B6-4CBA-966B-9D73DAF97674,SCWH,LV4.19,7AB19100-CDBF-4C46-A68E-B1C0D519E58D,6,413,0,,1,2025-09-15 17:41:16.787,2025-09-15 17:41:16.787
CC2AA89C-1630-4913-981A-436A4BA6A99E,HR - South,LV4.20,CD9FCDF9-1773-4FA3-B354-E88D0F017576,6,414,0,,1,2025-09-15 17:41:16.787,2025-09-15 17:41:16.787
EEA8357F-1FA1-40FD-A068-B709B7B78B31,HR – Trans,LV4.21,ECFD5B73-F2CC-4BAB-97E6-F380E020E0D7,6,415,0,,1,2025-09-15 17:41:16.787,2025-09-15 17:41:16.787
16D4D1DB-8AB5-4C6D-A5D1-92BA691D303C,HR - South,LV4.22,7AB19100-CDBF-4C46-A68E-B1C0D519E58D,6,416,0,,1,2025-09-15 17:41:16.787,2025-09-15 17:41:16.787
D512FA34-1C24-4F2D-A8EE-015B6EB56D54,Giao nhận,LV4.23,38AFE9F5-0882-42C1-BD26-88F22397FB23,6,417,0,,1,2025-09-15 17:41:16.787,2025-09-15 17:41:16.787
8047DCFE-593B-4B63-A264-7F2F133F56F9,Hiện trường,LV4.24,D17352A9-A7DD-4534-9281-28759F3259B4,6,418,0,,1,2025-09-15 17:41:16.787,2025-09-15 17:41:16.787
76747F30-3FDA-43E6-99D7-9524C6379119,Vận hành - OPS- BDG,LV4.25,7D08DE92-C925-49B2-B973-D321B0DA84E0,6,419,0,,1,2025-09-15 17:41:16.787,2025-09-15 17:41:16.787
53B26C7F-FEB9-45BF-83FE-D88C9B3D562A,Vận hành,LV4.26,7D08DE92-C925-49B2-B973-D321B0DA84E0,6,420,0,,1,2025-09-15 17:41:16.787,2025-09-15 17:41:16.787
1D64ADB3-E34C-4492-B679-4F1A5DEFB347,Dịch vụ khách hàng,LV4.27,7D08DE92-C925-49B2-B973-D321B0DA84E0,6,421,0,,1,2025-09-15 17:41:16.787,2025-09-15 17:41:16.787
0F24EBA9-F636-49EB-A3C4-778E05D14ECD,Dịch vụ khách hàng,LV4.28,D17352A9-A7DD-4534-9281-28759F3259B4,6,422,0,,1,2025-09-15 17:41:16.787,2025-09-15 17:41:16.787
7D1192CE-8EEF-4F6A-A883-894B69BF94FB,Điều phối,LV4.29,38AFE9F5-0882-42C1-BD26-88F22397FB23,6,423,0,,1,2025-09-15 17:41:16.787,2025-09-15 17:41:16.787
1E710C15-79FD-4938-BC28-4DC0B44B32DB,Giải pháp kinh doanh,LV4.30,D17352A9-A7DD-4534-9281-28759F3259B4,6,424,0,,1,2025-09-15 17:41:16.787,2025-09-15 17:41:16.787
FF4F312E-2235-4C67-B5FE-6B7083FCE30B,Kỹ thuật,LV4.31,38AFE9F5-0882-42C1-BD26-88F22397FB23,6,425,0,,1,2025-09-15 17:41:16.787,2025-09-15 17:41:16.787
60F02C27-8AA7-404E-ADBC-FF96106D3B92,Chứng từ,LV4.32,38AFE9F5-0882-42C1-BD26-88F22397FB23,6,426,0,,1,2025-09-15 17:41:16.787,2025-09-15 17:41:16.787
583978B6-63C1-4A75-9421-B74036B78172,Chăm sóc khách hàng,LV4.33,38AFE9F5-0882-42C1-BD26-88F22397FB23,6,427,0,,1,2025-09-15 17:41:16.787,2025-09-15 17:41:16.787
3EE85167-6890-449D-96FF-AE6A9A8FE9AC,Đội xe,LV4.34,38AFE9F5-0882-42C1-BD26-88F22397FB23,6,428,0,,1,2025-09-15 17:41:16.787,2025-09-15 17:41:16.787
9A6966D4-45EA-405C-85A6-7E26BCCD20A3,Kho chung,LV4.35,ACE1331C-F2DF-4436-89F7-C6E2C7673B3A,6,429,0,,0,2025-09-15 17:41:16.787,2026-02-25 17:16:29.043
E23ABC11-FFE6-4DBE-ACC8-5888207E696F,Team 1,LV4.36,1340A8F0-77D5-4C2A-8FDD-5AE8E93FD3F3,6,430,0,,1,2025-09-15 17:41:16.787,2025-09-15 17:41:16.787
2D979205-CF04-4F6C-9EEB-312CEEAD892D,Vùng 2 kho lạnh,LV4.38,B8F7E5C4-8368-4D7F-AF87-EE63D52EFF1D,6,432,0,,1,2025-09-15 17:41:16.787,2025-09-15 17:41:16.787
7E041936-5E05-4B9C-A376-A13FCCB032BF,Trung tâm Phân phối - DAD,LV4.39,3BBE3338-E0E0-429D-B5C4-1255F5B3D60A,6,433,0,,1,2025-09-15 17:41:16.787,2025-09-15 17:41:16.787
888E9642-9937-43C4-93AF-00444F0C5BDF,Vùng 2 kho khô,LV4.40,14F5CA00-9EDE-4C5F-9808-EC065C51AB2E,6,434,0,,1,2025-09-15 17:41:16.787,2025-09-15 17:41:16.787
DEBC4F1A-29DC-4BEA-8DEB-D46EA222D6E6,Vùng 3 kho khô,LV4.41,14F5CA00-9EDE-4C5F-9808-EC065C51AB2E,6,435,0,,1,2025-09-15 17:41:16.787,2025-09-15 17:41:16.787
0C3B2128-41A3-4159-B92C-707504C844F9,Vùng 1 kho khô,LV4.42,14F5CA00-9EDE-4C5F-9808-EC065C51AB2E,6,436,0,,1,2025-09-15 17:41:16.787,2025-09-15 17:41:16.787
F0148D73-23AF-4926-B926-C4F3213A8C0F,Kho chung,LV4.43,14F5CA00-9EDE-4C5F-9808-EC065C51AB2E,6,437,0,,1,2025-09-15 17:41:16.787,2025-09-15 17:41:16.787
CF34F99C-7A7C-4354-A4FA-539EA4B96518,F&A - North,LV4.44,BC2E7F39-4B3B-4694-8707-56BEBC3EA3B3,6,438,0,,1,2025-09-15 17:41:16.787,2025-09-15 17:41:16.787
5F2D72C9-9A49-486E-8CD2-5A9E07D9F96A,F&A - North,LV4.45,24699C8C-24BF-4D79-B265-8A6F57ECA020,6,439,0,,1,2025-09-15 17:41:16.787,2025-09-15 17:41:16.787
256C16E6-3687-4B35-A8C6-0A7AF99966AF,HR - North,LV4.46,133D48C3-F983-4121-9002-AE2900BC3316,6,440,0,,1,2025-09-15 17:41:16.787,2025-09-15 17:41:16.787
C4B73323-3328-4196-B534-B4B22F68E7CC,HR - North,LV4.47,59CC05B2-FE2D-4735-88D6-67123E3DA318,6,441,0,,1,2025-09-15 17:41:16.787,2025-09-15 17:41:16.787
AA84127B-0901-4CA7-8063-ADBBC680FC09,HR - North,LV4.48,22BCFC56-297A-4916-9691-19016A8CFFF6,6,442,0,,1,2025-09-15 17:41:16.787,2025-09-15 17:41:16.787
2DBA5E29-E399-45D1-B2C2-65604A5BB294,HR - North,LV4.49,2A10C6B4-FD67-410D-94B0-24ED3248C7E3,6,443,0,,1,2025-09-15 17:41:16.787,2025-09-15 17:41:16.787
9D65FB1D-F135-456E-9117-ECEA48521EE2,Đội xe,LV4.50,C087000D-1AF6-40E2-9CF4-D6F385B37565,6,444,0,,1,2025-09-15 17:41:16.787,2025-09-15 17:41:16.787
86B232C9-51F0-45D4-B490-633066B127C3,Đội xe,LV4.51,694E6159-BC08-4CB2-8B0D-7085E3B44D20,6,445,0,,1,2025-09-15 17:41:16.787,2025-09-15 17:41:16.787
58C53E12-7DB7-4F3F-8C55-DDD5F8A1DABB,Dịch vụ khách hàng - CS,LV4.52,C087000D-1AF6-40E2-9CF4-D6F385B37565,6,446,0,,1,2025-09-15 17:41:16.787,2025-09-15 17:41:16.787
4067581C-5E51-4910-8D3D-DCE3784E1512,Vận hành - OPS,LV4.53,C087000D-1AF6-40E2-9CF4-D6F385B37565,6,447,0,,1,2025-09-15 17:41:16.787,2025-09-15 17:41:16.787
3A24D5CF-F2FE-43E9-9887-50C14558EA42,Điều phối,LV4.54,694E6159-BC08-4CB2-8B0D-7085E3B44D20,6,448,0,,1,2025-09-15 17:41:16.787,2025-09-15 17:41:16.787
FC817069-6E8F-42F0-98A1-F7AEC82E3C78,Chứng từ,LV4.55,694E6159-BC08-4CB2-8B0D-7085E3B44D20,6,449,0,,1,2025-09-15 17:41:16.787,2025-09-15 17:41:16.787
07AAE9C0-FFAF-4F43-9637-D8DBEC96394E,Chăm sóc khách hàng,LV4.56,694E6159-BC08-4CB2-8B0D-7085E3B44D20,6,450,0,,1,2025-09-15 17:41:16.787,2025-09-15 17:41:16.787
2D612474-276B-4864-AA5F-0FCA213E995B,An toàn Pháp chế,LV4.57,694E6159-BC08-4CB2-8B0D-7085E3B44D20,6,451,0,,1,2025-09-15 17:41:16.787,2025-09-15 17:41:16.787
D497BD69-F4F2-4EB8-8763-DE39CE8B5C66,Planer,LV4.58,694E6159-BC08-4CB2-8B0D-7085E3B44D20,6,452,0,,1,2025-09-15 17:41:16.787,2025-09-15 17:41:16.787
095CB35F-C17F-419D-935E-E8D0AAC05D06,Bộ phận Quản lý thuê ngoài và chi phí,LV4.59,C087000D-1AF6-40E2-9CF4-D6F385B37565,6,453,0,,1,2025-09-15 17:41:16.787,2025-09-15 17:41:16.787
40635E63-F34F-442B-8553-08E525B74C2A,Kinh doanh,LV4.60,694E6159-BC08-4CB2-8B0D-7085E3B44D20,6,454,0,,1,2025-09-15 17:41:16.787,2025-09-15 17:41:16.787
CBC83DFE-B4C8-40F1-8B51-DDB551D03E27,Quản lý thầu phụ,LV4.61,694E6159-BC08-4CB2-8B0D-7085E3B44D20,6,455,0,,1,2025-09-15 17:41:16.787,2025-09-15 17:41:16.787
EFE36B0E-1464-4325-95BF-CA11E6C0EB5E,Kỹ thuật,LV4.62,694E6159-BC08-4CB2-8B0D-7085E3B44D20,6,456,0,,1,2025-09-15 17:41:16.787,2025-09-15 17:41:16.787
4001B66F-DE0B-4CF3-B372-7ED39605685B,Nhóm 3,LV4.64,FF064BE8-33BA-4512-9EA7-3268458F0396,6,500,0,,1,2025-09-15 20:09:49.607,2025-09-15 20:09:49.607
87E0DF80-97C3-4748-834C-A640A9513F2A,Hiện trường,LV4.65,38AFE9F5-0882-42C1-BD26-88F22397FB23,6,502,0,,1,2025-09-15 20:40:07.123,2025-09-15 20:40:07.123
B6FA5F19-CEFA-4CBC-B500-B2BD522CCEA4,Điều phối 1,LV4.66,38AFE9F5-0882-42C1-BD26-88F22397FB23,6,503,0,,0,2025-09-15 20:40:07.123,2026-02-25 17:10:48.040
D26B486F-1B22-4435-A076-B93F454BCBE2,Điều phối 2,LV4.67,38AFE9F5-0882-42C1-BD26-88F22397FB23,6,504,0,,0,2025-09-15 20:40:07.123,2026-02-25 17:10:48.040
C8D1CFD7-36BA-48F3-A168-926E165BC273,Đơn vị cấp 4,Đơn vị cấp 4,D5A2C67E-0103-4668-ACEB-6856EE0E20A6,6,1005,0,,1,2025-04-14 11:11:38.090,2025-05-27 17:51:33.390
5D5C20FC-DD0E-4DC1-A408-5740F1ECEA48,Vùng 2 kho khô,LV4.68,15F2CA15-9E40-463C-95F5-97C9399CAAB8,6,5568,0,,1,2025-11-16 21:33:20.020,2025-11-16 21:33:20.020
35AC9493-DFB6-4639-9EA2-9FDD78C3C53B,Trung tâm vận tải đường bộ (FTL),LV4.69,3BBE3338-E0E0-429D-B5C4-1255F5B3D60A,6,5571,0,,1,2025-11-16 21:44:50.993,2025-11-16 21:47:54.953
18C6FA58-CB8F-481C-A6D9-F7F0AEC5EB5F,Bộ phận kinh doanh,LV4.70,D17352A9-A7DD-4534-9281-28759F3259B4,6,5575,0,,1,2025-12-02 11:29:19.157,2025-12-02 11:29:19.157
1E29C1DD-DB75-4037-8612-353E0FCB39A3,Nhóm Daikin,LV5.1,8682628A-C286-4A0A-A2AF-6ED8F6960B8E,7,457,0,,1,2025-09-15 17:46:23.007,2025-09-15 17:46:23.007
19221975-0D70-4A68-94DF-3460164D33F0,Nhóm EVN,LV5.2,8682628A-C286-4A0A-A2AF-6ED8F6960B8E,7,458,0,,1,2025-09-15 17:46:23.007,2025-09-15 17:46:23.007
AC6F17BB-E031-48BD-AD41-947673803687,Nhóm CFS,LV5.3,8682628A-C286-4A0A-A2AF-6ED8F6960B8E,7,459,0,,1,2025-09-15 17:46:23.007,2025-09-15 17:46:23.007
62E8EB32-63CF-490D-8096-98F6D9F1C8DD,Nhóm DUC,LV5.4,8682628A-C286-4A0A-A2AF-6ED8F6960B8E,7,460,0,,1,2025-09-15 17:46:23.007,2025-09-15 17:46:23.007
FBCDEC9C-AEF2-4D69-BC02-BFE3A7D63247,Nhóm NOHHI,LV5.5,8682628A-C286-4A0A-A2AF-6ED8F6960B8E,7,461,0,,1,2025-09-15 17:46:23.007,2025-09-15 17:46:23.007
CAC0A6AD-081E-4A14-BCF9-E12E7F551A9F,Nhóm Other ,LV5.6,8682628A-C286-4A0A-A2AF-6ED8F6960B8E,7,462,0,,1,2025-09-15 17:46:23.007,2025-09-15 17:46:23.007
18671FCD-9384-484F-B47A-A0C98DD07483,Kho Vĩnh Lộc,LV5.7,A329B3C9-36E5-4764-8343-6B893F5DDD12,7,463,0,,1,2025-09-15 17:46:23.007,2025-09-15 17:46:23.007
140B895A-BFCD-436A-BF7B-B1D734FD6D9E,VSIP 2,LV5.8,A329B3C9-36E5-4764-8343-6B893F5DDD12,7,464,0,,1,2025-09-15 17:46:23.007,2025-09-15 17:46:23.007
440B8591-79D8-43C5-A836-47B64B20019D,VSIP 1,LV5.9,A329B3C9-36E5-4764-8343-6B893F5DDD12,7,465,0,,1,2025-09-15 17:46:23.007,2025-09-15 17:46:23.007
B6095911-3A3E-4BFD-A6EA-8CC30B3D8E93,Kho Hiệp Phước,LV5.10,A329B3C9-36E5-4764-8343-6B893F5DDD12,7,466,0,,1,2025-09-15 17:46:23.007,2025-09-15 17:46:23.007
054BF943-2ED5-4A7F-BFDD-F89A57BE3EFC,VSIP 1,LV5.11,69119E71-091D-4E72-AF68-E3709C834A85,7,467,0,,1,2025-09-15 17:46:23.007,2026-01-21 17:41:50.210
00F2BC38-8AB1-4255-8374-E609A5C22F3D,Vsip 1,LV5.12,300DA1A6-2DBC-46AC-ABFD-0BEF72711831,7,468,0,,0,2025-09-15 17:46:23.007,2026-02-25 16:51:33.770
57676AC7-87BF-43EE-BC6B-3BA364F2357C,Facility,LV5.13,A329B3C9-36E5-4764-8343-6B893F5DDD12,7,469,0,,1,2025-09-15 17:46:23.007,2025-09-15 17:46:23.007
93813A30-59DC-4226-858A-254904EB9469,Kho chung ( Share cost WHs),LV5.14,FAC92A28-3CB4-4E25-B162-66F75BC420B1,7,470,0,,1,2025-09-15 17:46:23.007,2025-09-15 17:46:23.007
5548DFD2-488D-4A91-8CF9-4760E5788CB7,Hiện trường,LV5.15,7D1192CE-8EEF-4F6A-A883-894B69BF94FB,7,471,0,,1,2025-09-15 17:46:23.007,2025-09-15 17:46:23.007
CBBC9133-318D-4FAD-93FA-AA60A8741423,Điều phối 1,LV5.16,7D1192CE-8EEF-4F6A-A883-894B69BF94FB,7,472,0,,1,2025-09-15 17:46:23.007,2026-01-21 14:43:25.990
7772F185-5EE4-4452-8DBE-F46404D579A6,Điều phối 2,LV5.17,7D1192CE-8EEF-4F6A-A883-894B69BF94FB,7,473,0,,1,2025-09-15 17:46:23.007,2025-09-15 17:46:23.007
805FA2BF-1649-4B77-B1BA-37ED67A08D41,Kho chung ( Share cost WHs),LV5.18,9A6966D4-45EA-405C-85A6-7E26BCCD20A3,7,474,0,,0,2025-09-15 17:46:23.007,2026-02-25 17:16:29.043
D66DDEC6-BDEE-4C14-99E1-DF22AFA7C803,Kho DAD - Cold Chain,LV5.19,2D979205-CF04-4F6C-9EEB-312CEEAD892D,7,475,0,,1,2025-09-15 17:46:23.007,2025-09-15 17:46:23.007
506D66F3-4F86-4C4F-AB31-921217CE5AE3,Block 18,LV5.20,888E9642-9937-43C4-93AF-00444F0C5BDF,7,476,0,,1,2025-09-15 17:46:23.007,2025-09-15 17:46:23.007
6DF38939-6305-4F5F-A5C5-B8451D77EA14,Block 20,LV5.21,888E9642-9937-43C4-93AF-00444F0C5BDF,7,477,0,,1,2025-09-15 17:46:23.007,2025-09-15 17:46:23.007
DE846C59-0044-42F9-91B0-7A215F773310,Block 17,LV5.22,888E9642-9937-43C4-93AF-00444F0C5BDF,7,478,0,,1,2025-09-15 17:46:23.007,2025-09-15 17:46:23.007
3FBF8371-6741-4143-B86E-48D1F417206E,Kho,LV5.23,DEBC4F1A-29DC-4BEA-8DEB-D46EA222D6E6,7,479,0,,1,2025-09-15 17:46:23.007,2025-09-15 17:46:23.007
7CA0D8E7-F46D-40DE-A19F-D7024AAE2911,Kho Tiên Sơn,LV5.24,0C3B2128-41A3-4159-B92C-707504C844F9,7,480,0,,1,2025-09-15 17:46:23.007,2025-09-15 17:46:23.007
C5B14C66-B935-4780-871D-CF11DC524422,VSIPBN (QA),LV5.25,0C3B2128-41A3-4159-B92C-707504C844F9,7,481,0,,1,2025-09-15 17:46:23.007,2025-09-15 17:46:23.007
7521C97D-C462-428E-A6A3-A33888DEC647,Dịch vụ khách hàng,LV5.26,0C3B2128-41A3-4159-B92C-707504C844F9,7,482,0,,1,2025-09-15 17:46:23.007,2025-09-15 17:46:23.007
36229231-66DE-4FBA-9E20-3F9F506BCE56,Dịch vụ khách hàng,LV5.27,888E9642-9937-43C4-93AF-00444F0C5BDF,7,483,0,,1,2025-09-15 17:46:23.007,2025-09-15 17:46:23.007
5910E072-D321-4A86-A4C9-422863215F9C,Dịch vụ khách hàng,LV5.28,DEBC4F1A-29DC-4BEA-8DEB-D46EA222D6E6,7,484,0,,1,2025-09-15 17:46:23.007,2025-09-15 17:46:23.007
63D7FA6E-D3B9-4D05-9EAE-D1926349FC73,WMS,LV5.29,888E9642-9937-43C4-93AF-00444F0C5BDF,7,485,0,,1,2025-09-15 17:46:23.007,2025-09-15 17:46:23.007
179E35BC-79E8-452C-A60D-60C9442FB3B8,Đơn vị cấp 5,Đơn vị cấp 5,C8D1CFD7-36BA-48F3-A168-926E165BC273,7,2006,0,,1,2025-04-14 11:15:28.170,2025-11-05 10:42:37.130
67F2CBC9-CFBC-4C3B-A37D-492865C8E3A1,Khách hàng/ Dự án ,LV6.1,18671FCD-9384-484F-B47A-A0C98DD07483,8,486,0,,1,2025-09-15 17:49:02.900,2025-09-15 17:49:02.900
07F90B80-B6A9-45BD-8F67-20E9A40E5940,Khách hàng/ Dự án ,LV6.2,140B895A-BFCD-436A-BF7B-B1D734FD6D9E,8,487,0,,1,2025-09-15 17:49:02.900,2025-09-15 17:49:02.900
51661F9C-F7B7-442F-80E0-6751FF411F99,Khách hàng/ Dự án ,LV6.3,440B8591-79D8-43C5-A836-47B64B20019D,8,488,0,,1,2025-09-15 17:49:02.900,2025-09-15 17:49:02.900
EE5148C0-7C5C-4197-A297-699D8BE1A04D,Khách hàng/ Dự án ,LV6.4,B6095911-3A3E-4BFD-A6EA-8CC30B3D8E93,8,489,0,,1,2025-09-15 17:49:02.900,2025-09-15 17:49:02.900
5C836922-1AC1-4E77-80CE-969668DAFFD5,Khách hàng/ Dự án ,LV6.5,054BF943-2ED5-4A7F-BFDD-F89A57BE3EFC,8,490,0,,1,2025-09-15 17:49:02.900,2025-09-15 17:49:02.900
99500104-128D-4445-9BF3-73F73954993C,Khách hàng/ Dự án ,LV6.6,00F2BC38-8AB1-4255-8374-E609A5C22F3D,8,491,0,,0,2025-09-15 17:49:02.900,2026-02-25 16:51:33.770
1C9FB050-72B3-4140-B049-BEE3A99D2881,OPS,LV6.7,D66DDEC6-BDEE-4C14-99E1-DF22AFA7C803,8,492,0,,1,2025-09-15 17:49:02.900,2025-09-15 17:49:02.900
4BEAFAD5-8F93-4E49-A160-756C7E574E51,P&P,LV6.8,D66DDEC6-BDEE-4C14-99E1-DF22AFA7C803,8,493,0,,1,2025-09-15 17:49:02.900,2025-09-15 17:49:02.900
EED00B29-AD03-42FD-BEF5-2B8E953A5D1D,CHE,LV6.9,D66DDEC6-BDEE-4C14-99E1-DF22AFA7C803,8,494,0,,1,2025-09-15 17:49:02.900,2025-09-15 17:49:02.900
B2780B8E-13E0-4623-8D2C-A534FC811102,WDR,LV6.10,D66DDEC6-BDEE-4C14-99E1-DF22AFA7C803,8,495,0,,1,2025-09-15 17:49:02.900,2025-09-15 17:49:02.900
A2C4210A-B21F-4352-966C-B8DF6CF4891E,MAI,LV6.11,D66DDEC6-BDEE-4C14-99E1-DF22AFA7C803,8,496,0,,1,2025-09-15 17:49:02.900,2025-09-15 17:49:02.900
BA5C1CBA-8102-4B8E-97CE-91B6FC789EF3,SIR,LV6.12,D66DDEC6-BDEE-4C14-99E1-DF22AFA7C803,8,497,0,,1,2025-09-15 17:49:02.900,2025-09-15 17:49:02.900
F382CCC1-FF73-4827-B57C-98567116A39D,MAT,LV6.13,D66DDEC6-BDEE-4C14-99E1-DF22AFA7C803,8,498,0,,1,2025-09-15 17:49:02.900,2025-09-15 17:49:02.900
0934C853-0CE9-471E-AB14-EB816BFE9CD4,QC,LV6.14,D66DDEC6-BDEE-4C14-99E1-DF22AFA7C803,8,499,0,,1,2025-09-15 17:49:02.900,2025-09-15 17:49:02.900
7D93DD61-F0AB-40D0-8F68-178D1F3537DD,Đơn vị cấp 6,Đơn vị cấp 6,179E35BC-79E8-452C-A60D-60C9442FB3B8,8,2007,0,,1,2025-04-14 11:17:59.593,2025-12-09 09:33:06.877