employee_id,cycle_id,assessment_score,score_360,imported_at,note
f2e28ede-7069-4882-a2c2-a8d6ac10974d,14130fb9-1690-4dbf-a7f6-bcae1da343d0,3.62,4.29,"2026-04-24 14:19:16.1778+00",
3c287f70-2066-49c8-b44b-c1eca2b26d8d,14130fb9-1690-4dbf-a7f6-bcae1da343d0,4.71,3.38,"2026-04-24 14:19:16.1778+00",
ae2be2da-db24-48bd-8c9e-0510e0a39e2a,14130fb9-1690-4dbf-a7f6-bcae1da343d0,3.21,3.79,"2026-04-24 14:19:16.1778+00",
b50d6fd6-5c2e-4133-8aee-f3b093b46113,14130fb9-1690-4dbf-a7f6-bcae1da343d0,4.48,3.80,"2026-04-24 14:19:16.1778+00",
56da6f8b-c8d5-44ae-a3ca-3850cdd37b89,14130fb9-1690-4dbf-a7f6-bcae1da343d0,3.33,3.49,"2026-04-24 14:19:16.1778+00",
0854716d-392b-47e0-b6c1-70d9d41e5579,14130fb9-1690-4dbf-a7f6-bcae1da343d0,4.83,4.24,"2026-04-24 14:19:16.1778+00",
db0df6e4-b7f1-40b0-9996-b527ca597b60,14130fb9-1690-4dbf-a7f6-bcae1da343d0,4.62,3.54,"2026-04-24 14:19:16.1778+00",
998e9d4a-ff27-41a5-b680-4007c52d42c7,14130fb9-1690-4dbf-a7f6-bcae1da343d0,4.17,4.21,"2026-04-24 14:19:16.1778+00",
4145ec08-5925-453e-ace7-08fd3da5ef00,14130fb9-1690-4dbf-a7f6-bcae1da343d0,4.23,3.91,"2026-04-24 14:19:16.1778+00",
a1408646-9cc0-4f8f-8501-0b46e510fc5d,14130fb9-1690-4dbf-a7f6-bcae1da343d0,3.48,4.62,"2026-04-24 14:19:16.1778+00",
85f46195-fb4c-4f36-a9f2-6682440b1cc1,14130fb9-1690-4dbf-a7f6-bcae1da343d0,4.99,4.17,"2026-04-24 14:19:16.1778+00",
049c1691-8703-46c2-900f-8e78c09a1769,14130fb9-1690-4dbf-a7f6-bcae1da343d0,4.19,3.91,"2026-04-24 14:19:16.1778+00",
9a4f2512-8277-48f6-83de-fd91f6b778ad,14130fb9-1690-4dbf-a7f6-bcae1da343d0,4.29,3.43,"2026-04-24 14:19:16.1778+00",
12547f34-a1e2-4bd3-9388-4710e332403d,14130fb9-1690-4dbf-a7f6-bcae1da343d0,3.37,2.89,"2026-04-24 14:19:16.1778+00",
debc6700-5ee6-4260-ac49-4b18419793e3,14130fb9-1690-4dbf-a7f6-bcae1da343d0,4.22,3.37,"2026-04-24 14:19:16.1778+00",
0c7f9a18-4a52-4c30-8097-1a42f9bedad0,14130fb9-1690-4dbf-a7f6-bcae1da343d0,4.12,3.17,"2026-04-24 14:19:16.1778+00",
c9b67da2-ec3f-4e23-9c9b-fd30e805564d,14130fb9-1690-4dbf-a7f6-bcae1da343d0,4.79,3.26,"2026-04-24 14:19:16.1778+00",
b6475511-39d7-40ed-929a-a57e8ef3d8af,14130fb9-1690-4dbf-a7f6-bcae1da343d0,2.75,4.45,"2026-04-24 14:19:16.1778+00",
c78be7b2-e282-41b4-87b5-ddf7eec4452e,14130fb9-1690-4dbf-a7f6-bcae1da343d0,4.53,3.95,"2026-04-24 14:19:16.1778+00",
6624defd-7d6b-45df-a029-7f14ffa6c48a,14130fb9-1690-4dbf-a7f6-bcae1da343d0,3.62,3.83,"2026-04-24 14:19:16.1778+00",
6f6ca5a7-55b5-41d9-b1bc-3aca7d2efb80,14130fb9-1690-4dbf-a7f6-bcae1da343d0,4.04,3.33,"2026-04-24 14:19:16.1778+00",
14a5ab1e-bfdb-42b2-be5e-276884e9fcaf,14130fb9-1690-4dbf-a7f6-bcae1da343d0,4.53,2.76,"2026-04-24 14:19:16.1778+00",
bd0a400d-0696-448e-8dbb-33fee83d6e76,14130fb9-1690-4dbf-a7f6-bcae1da343d0,3.53,4.04,"2026-04-24 14:19:16.1778+00",
8c6368c5-8139-4462-8cd4-5ab93c890dc3,14130fb9-1690-4dbf-a7f6-bcae1da343d0,3.18,3.44,"2026-04-24 14:19:16.1778+00",
da5f13ee-0175-4898-b44c-e1622b7cb745,14130fb9-1690-4dbf-a7f6-bcae1da343d0,2.96,4.50,"2026-04-24 14:19:16.1778+00",
d3230c06-1f39-4f18-bfcd-92966660ee97,14130fb9-1690-4dbf-a7f6-bcae1da343d0,4.29,4.63,"2026-04-24 14:19:16.1778+00",
0e1aaa4e-a064-4029-b977-53f3371e166d,14130fb9-1690-4dbf-a7f6-bcae1da343d0,2.69,4.00,"2026-04-24 14:19:16.1778+00",
74b2a67d-2f9d-4cd6-8e9c-9b91fd8a5827,14130fb9-1690-4dbf-a7f6-bcae1da343d0,4.62,2.96,"2026-04-24 14:19:16.1778+00",
33855c4f-a2ce-4fcf-8975-b5df6fd959c5,14130fb9-1690-4dbf-a7f6-bcae1da343d0,4.06,2.98,"2026-04-24 14:19:16.1778+00",
d7a77c70-fc43-48ff-81c2-3f48adc91dcb,14130fb9-1690-4dbf-a7f6-bcae1da343d0,2.55,3.14,"2026-04-24 14:19:16.1778+00",
8a987e04-cfe9-4b34-a85e-608da23dac56,14130fb9-1690-4dbf-a7f6-bcae1da343d0,3.89,3.07,"2026-04-24 14:19:16.1778+00",
64bec363-cf58-4294-af25-88f61e785a66,14130fb9-1690-4dbf-a7f6-bcae1da343d0,4.29,2.75,"2026-04-24 14:19:16.1778+00",
7c9d515e-0dd1-47c3-ade9-c322b023324e,14130fb9-1690-4dbf-a7f6-bcae1da343d0,4.10,3.24,"2026-04-24 14:19:16.1778+00",
bec29db6-9a48-479b-94f8-7b5f4303ddc8,14130fb9-1690-4dbf-a7f6-bcae1da343d0,4.10,4.05,"2026-04-24 14:19:16.1778+00",
9818dd33-c61f-4255-8653-7b618a0893b5,14130fb9-1690-4dbf-a7f6-bcae1da343d0,2.84,4.39,"2026-04-24 14:19:16.1778+00",
bdba3d9c-faf4-4853-906a-5e69896186d3,14130fb9-1690-4dbf-a7f6-bcae1da343d0,3.54,4.37,"2026-04-24 14:19:16.1778+00",
fb3ad21b-5cdd-4725-af4a-00dbe9edec1b,14130fb9-1690-4dbf-a7f6-bcae1da343d0,3.63,2.14,"2026-04-24 14:19:16.1778+00",
382bf35b-0b54-465a-a965-a4c2499c9699,14130fb9-1690-4dbf-a7f6-bcae1da343d0,4.50,2.41,"2026-04-24 14:19:16.1778+00",
c27bc0dc-db53-4a75-ba9b-729e74528648,14130fb9-1690-4dbf-a7f6-bcae1da343d0,4.33,3.83,"2026-04-24 14:19:16.1778+00",
49791c69-80c3-4621-84dd-568d1802f003,14130fb9-1690-4dbf-a7f6-bcae1da343d0,4.04,3.33,"2026-04-24 14:19:16.1778+00",
1ff47fe7-2592-4f68-a57a-5fd7c49ec950,14130fb9-1690-4dbf-a7f6-bcae1da343d0,3.56,3.88,"2026-04-24 14:19:16.1778+00",
cbdee554-8d7e-44ce-9734-25cb4653c820,14130fb9-1690-4dbf-a7f6-bcae1da343d0,3.21,2.42,"2026-04-24 14:19:16.1778+00",
da1d54b7-c9de-4c1a-8abf-896697f1ff67,14130fb9-1690-4dbf-a7f6-bcae1da343d0,3.94,3.45,"2026-04-24 14:19:16.1778+00",
2be94e10-8287-4735-87d1-333c22d64b3a,14130fb9-1690-4dbf-a7f6-bcae1da343d0,4.44,4.26,"2026-04-24 14:19:16.1778+00",
fd849af5-3b6a-49e7-8e86-38c849550237,14130fb9-1690-4dbf-a7f6-bcae1da343d0,3.70,4.36,"2026-04-24 14:19:16.1778+00",
67417893-77a5-4894-aec7-ad73beef031a,14130fb9-1690-4dbf-a7f6-bcae1da343d0,4.26,3.74,"2026-04-24 14:19:16.1778+00",
86cd344d-9010-4978-b9ef-5534c029f367,14130fb9-1690-4dbf-a7f6-bcae1da343d0,2.27,2.73,"2026-04-24 14:19:16.1778+00",
eab53c22-2fb7-443c-98e9-58d1f9546e17,14130fb9-1690-4dbf-a7f6-bcae1da343d0,3.82,1.94,"2026-04-24 14:19:16.1778+00",
9f8dfcc2-29b5-4f44-b0d6-a152444396da,14130fb9-1690-4dbf-a7f6-bcae1da343d0,3.86,3.23,"2026-04-24 14:19:16.1778+00",
4127b186-eff6-42b7-ab2e-6e41fb3f6cf2,14130fb9-1690-4dbf-a7f6-bcae1da343d0,2.92,3.04,"2026-04-24 14:19:16.1778+00",
e98a0eb1-ff87-4147-b054-3489cfcfa393,14130fb9-1690-4dbf-a7f6-bcae1da343d0,3.24,3.56,"2026-04-24 14:19:16.1778+00",
a7dbea06-2064-4aab-ac37-a0b3c1fa2f28,14130fb9-1690-4dbf-a7f6-bcae1da343d0,4.48,3.88,"2026-04-24 14:19:16.1778+00",
efd789e7-3349-4dfd-827d-886f494c600a,14130fb9-1690-4dbf-a7f6-bcae1da343d0,4.19,3.62,"2026-04-24 14:19:16.1778+00",
c780f324-a896-4a1b-9d98-6f880b469f44,14130fb9-1690-4dbf-a7f6-bcae1da343d0,3.24,3.50,"2026-04-24 14:19:16.1778+00",
ef8b15e1-a98d-42d6-8fbf-67ccf19eb56d,14130fb9-1690-4dbf-a7f6-bcae1da343d0,4.50,3.34,"2026-04-24 14:19:16.1778+00",
a2fcf612-fa3a-4429-b589-2d9593f8b40b,14130fb9-1690-4dbf-a7f6-bcae1da343d0,2.44,3.48,"2026-04-24 14:19:16.1778+00",
a350aa87-c525-4502-b249-5904c9f784f3,14130fb9-1690-4dbf-a7f6-bcae1da343d0,4.71,2.51,"2026-04-24 14:19:16.1778+00",
9d3f7338-ca9e-40b5-a4ea-b8d21dc4c089,14130fb9-1690-4dbf-a7f6-bcae1da343d0,4.13,4.34,"2026-04-24 14:19:16.1778+00",
5c0f3343-e93e-499c-9fb4-4ba70d9e7e18,14130fb9-1690-4dbf-a7f6-bcae1da343d0,3.75,4.17,"2026-04-24 14:19:16.1778+00",
c919d48f-d93b-48ad-8203-48c2ecd17fed,14130fb9-1690-4dbf-a7f6-bcae1da343d0,3.07,2.32,"2026-04-24 14:19:16.1778+00",
012e6508-1a8f-42bb-8303-5948f24fbb87,14130fb9-1690-4dbf-a7f6-bcae1da343d0,3.70,3.50,"2026-04-24 14:19:16.1778+00",
1b336d70-6f6a-4589-a4f6-059c0d0af953,14130fb9-1690-4dbf-a7f6-bcae1da343d0,4.81,3.26,"2026-04-24 14:19:16.1778+00",
b27f0240-446e-41d2-b2de-6992db0448c5,14130fb9-1690-4dbf-a7f6-bcae1da343d0,3.45,4.46,"2026-04-24 14:19:16.1778+00",
2fa0335c-e1aa-41c0-a402-08a34f34b97c,14130fb9-1690-4dbf-a7f6-bcae1da343d0,3.57,2.31,"2026-04-24 14:19:16.1778+00",
b7750966-705f-4638-a8da-52a9c6071c71,14130fb9-1690-4dbf-a7f6-bcae1da343d0,2.71,2.98,"2026-04-24 14:19:16.1778+00",
3dbd8dfc-a0d2-44fe-b1a2-13225b73b26a,14130fb9-1690-4dbf-a7f6-bcae1da343d0,4.00,2.56,"2026-04-24 14:19:16.1778+00",
d6d636e5-698b-4c3a-a688-d920005ba018,14130fb9-1690-4dbf-a7f6-bcae1da343d0,4.29,3.29,"2026-04-24 14:19:16.1778+00",
7fa8deeb-c083-4254-a9a7-959d6aa5c577,14130fb9-1690-4dbf-a7f6-bcae1da343d0,3.43,4.59,"2026-04-24 14:19:16.1778+00",
93b49af7-869b-4e95-9ddf-8775351e10d6,14130fb9-1690-4dbf-a7f6-bcae1da343d0,3.54,3.77,"2026-04-24 14:19:16.1778+00",
8893c553-5726-4898-8865-845121a7ff33,14130fb9-1690-4dbf-a7f6-bcae1da343d0,3.88,2.73,"2026-04-24 14:19:16.1778+00",
eef8bd92-e008-4f85-aa16-b9cd3cd4f765,14130fb9-1690-4dbf-a7f6-bcae1da343d0,4.02,4.08,"2026-04-24 14:19:16.1778+00",
8ec3f190-19b9-4707-80b7-aff23c3508ee,14130fb9-1690-4dbf-a7f6-bcae1da343d0,3.35,3.59,"2026-04-24 14:19:16.1778+00",
adf72673-8298-4634-9abc-6eafa463e36f,14130fb9-1690-4dbf-a7f6-bcae1da343d0,2.76,4.43,"2026-04-24 14:19:16.1778+00",
97bedf23-a86d-4a6a-9817-2fee36b203b9,14130fb9-1690-4dbf-a7f6-bcae1da343d0,3.66,4.26,"2026-04-24 14:19:16.1778+00",
cf56a906-8494-41b7-b9e3-219b6d76c76d,14130fb9-1690-4dbf-a7f6-bcae1da343d0,3.49,2.96,"2026-04-24 14:19:16.1778+00",
33c52043-018b-49ac-952a-c799e35dd86e,14130fb9-1690-4dbf-a7f6-bcae1da343d0,4.19,4.63,"2026-04-24 14:19:16.1778+00",
1811725f-fc9f-42da-86bc-716a7ea9345a,14130fb9-1690-4dbf-a7f6-bcae1da343d0,3.43,4.11,"2026-04-24 14:19:16.1778+00",
4bc8caca-62f9-493b-bcd9-d9723846d6cc,14130fb9-1690-4dbf-a7f6-bcae1da343d0,3.25,2.30,"2026-04-24 14:19:16.1778+00",
c88dd797-647d-422d-9fa9-9bc45ba5c543,14130fb9-1690-4dbf-a7f6-bcae1da343d0,3.08,2.57,"2026-04-24 14:19:16.1778+00",
7007e61f-1f05-4b0d-9106-fb8e88906345,14130fb9-1690-4dbf-a7f6-bcae1da343d0,2.29,2.89,"2026-04-24 14:19:16.1778+00",
1c25ebf1-056c-48d1-8b39-653af3bd4272,14130fb9-1690-4dbf-a7f6-bcae1da343d0,3.95,3.51,"2026-04-24 14:19:16.1778+00",
97005458-d344-4bc5-b27e-3ded85845319,14130fb9-1690-4dbf-a7f6-bcae1da343d0,4.80,3.84,"2026-04-24 14:19:16.1778+00",
6537ef01-a591-46fa-b34e-9316797cc9dd,14130fb9-1690-4dbf-a7f6-bcae1da343d0,3.39,3.90,"2026-04-24 14:19:16.1778+00",
7f0fa6ae-6dc0-4dfa-a7ee-4a668c73ba63,14130fb9-1690-4dbf-a7f6-bcae1da343d0,4.33,2.64,"2026-04-24 14:19:16.1778+00",
2440912a-2871-44ac-a957-8a65e7911c93,14130fb9-1690-4dbf-a7f6-bcae1da343d0,2.98,3.73,"2026-04-24 14:19:16.1778+00",
3c35f82f-dda8-49c7-a70f-cc78ebebaa31,14130fb9-1690-4dbf-a7f6-bcae1da343d0,4.13,4.68,"2026-04-24 14:19:16.1778+00",
c69d3dcf-6191-4017-85e6-9ad21dee6b45,14130fb9-1690-4dbf-a7f6-bcae1da343d0,4.02,3.61,"2026-04-24 14:19:16.1778+00",
833e6023-b798-40b3-a83d-8c5fc10045b1,14130fb9-1690-4dbf-a7f6-bcae1da343d0,3.35,3.50,"2026-04-24 14:19:16.1778+00",
9db19189-a282-413a-b36f-e444ac0f5b9f,14130fb9-1690-4dbf-a7f6-bcae1da343d0,3.50,1.95,"2026-04-24 14:19:16.1778+00",
ff02b2a9-1c35-4fe4-894d-e170cfca1917,14130fb9-1690-4dbf-a7f6-bcae1da343d0,4.43,3.59,"2026-04-24 14:19:16.1778+00",
46fc775f-5e47-4a4c-a567-ccee6ef7772b,14130fb9-1690-4dbf-a7f6-bcae1da343d0,3.73,3.88,"2026-04-24 14:19:16.1778+00",
e9b87c4b-f95c-4f5c-a793-91410b87d13d,14130fb9-1690-4dbf-a7f6-bcae1da343d0,3.04,3.59,"2026-04-24 14:19:16.1778+00",
af91a2ed-1912-4cb9-b36a-187aada49b73,14130fb9-1690-4dbf-a7f6-bcae1da343d0,4.26,4.29,"2026-04-24 14:19:16.1778+00",
b188ec01-9c26-42f4-9a93-e1113cb1d578,14130fb9-1690-4dbf-a7f6-bcae1da343d0,2.87,4.27,"2026-04-24 14:19:16.1778+00",
20a8e520-be9f-4976-89dd-f997151a398a,14130fb9-1690-4dbf-a7f6-bcae1da343d0,3.29,2.15,"2026-04-24 14:19:16.1778+00",
10f33416-de29-45d5-9481-4c443bccc654,14130fb9-1690-4dbf-a7f6-bcae1da343d0,3.38,2.62,"2026-04-24 14:19:16.1778+00",
c270302a-8cca-4a5e-aca2-0b8d41dba44e,14130fb9-1690-4dbf-a7f6-bcae1da343d0,4.00,1.84,"2026-04-24 14:19:16.1778+00",
37a9c4ac-4063-44eb-9915-b412a49d8aaf,14130fb9-1690-4dbf-a7f6-bcae1da343d0,2.71,3.51,"2026-04-24 14:19:16.1778+00",
dce438d8-b109-47a5-9388-ac2bbad12f6b,14130fb9-1690-4dbf-a7f6-bcae1da343d0,3.77,2.78,"2026-04-24 14:19:16.1778+00",
07744ef1-4e81-4927-a217-84244125eab7,14130fb9-1690-4dbf-a7f6-bcae1da343d0,4.32,2.76,"2026-04-24 14:19:16.1778+00",
3851373e-f166-4661-93c7-33e0cc9a46f2,14130fb9-1690-4dbf-a7f6-bcae1da343d0,3.94,2.10,"2026-04-24 14:19:16.1778+00",
311f1cf6-6b47-446e-804c-b038afb30aa4,14130fb9-1690-4dbf-a7f6-bcae1da343d0,3.42,2.93,"2026-04-24 14:19:16.1778+00",
ff67dd31-0f69-4cc1-8322-d01823ebcc32,14130fb9-1690-4dbf-a7f6-bcae1da343d0,3.64,2.69,"2026-04-24 14:19:16.1778+00",
34a27b2d-0a31-4f9c-9a3b-085c526e03a8,14130fb9-1690-4dbf-a7f6-bcae1da343d0,3.89,2.93,"2026-04-24 14:19:16.1778+00",
b1f191c8-0127-4b3e-a8d0-0816b5ded50e,14130fb9-1690-4dbf-a7f6-bcae1da343d0,3.63,2.60,"2026-04-24 14:19:16.1778+00",
17c0fb2e-241f-4a25-bfdc-0d194d2f35fc,14130fb9-1690-4dbf-a7f6-bcae1da343d0,3.68,3.21,"2026-04-24 14:19:16.1778+00",
d19cc691-f446-49da-969f-e36f3ef957e6,14130fb9-1690-4dbf-a7f6-bcae1da343d0,3.09,4.60,"2026-04-24 14:19:16.1778+00",
bd6e9035-b434-4675-83c4-2808ee43ab0f,14130fb9-1690-4dbf-a7f6-bcae1da343d0,4.58,3.75,"2026-04-24 14:19:16.1778+00",
c5924f48-f38a-4fb1-abd6-c726d60ff1a8,14130fb9-1690-4dbf-a7f6-bcae1da343d0,3.60,4.10,"2026-04-24 14:19:16.1778+00",
9f011f28-f0fd-4eb0-83b2-925f58a83d51,14130fb9-1690-4dbf-a7f6-bcae1da343d0,3.04,2.49,"2026-04-24 14:19:16.1778+00",
c7e1bf94-fb36-4937-8de6-2d802d0b0d27,14130fb9-1690-4dbf-a7f6-bcae1da343d0,2.27,2.14,"2026-04-24 14:19:16.1778+00",
a92dfb42-f5ed-41ba-b59d-1ec16d9e7e7a,14130fb9-1690-4dbf-a7f6-bcae1da343d0,2.92,3.46,"2026-04-24 14:19:16.1778+00",
02d69381-c0bd-40d7-9c95-e653ec26ce2b,14130fb9-1690-4dbf-a7f6-bcae1da343d0,4.50,3.62,"2026-04-24 14:19:16.1778+00",
3bb76ee6-aa32-4db6-b9e8-36ddfd2c0f76,14130fb9-1690-4dbf-a7f6-bcae1da343d0,4.62,2.42,"2026-04-24 14:19:16.1778+00",
af5f4502-167a-431b-82ea-3c220e77695c,14130fb9-1690-4dbf-a7f6-bcae1da343d0,4.52,4.12,"2026-04-24 14:19:16.1778+00",
d4502ae5-f89f-496d-a398-3189a88f598c,14130fb9-1690-4dbf-a7f6-bcae1da343d0,3.50,2.51,"2026-04-24 14:19:16.1778+00",
8c702b36-a902-4285-b9a2-3071598271c9,14130fb9-1690-4dbf-a7f6-bcae1da343d0,2.35,3.39,"2026-04-24 14:19:16.1778+00",
af07b3bd-4e4c-44f0-b663-65ab6c07fdfd,14130fb9-1690-4dbf-a7f6-bcae1da343d0,3.46,3.62,"2026-04-24 14:19:16.1778+00",
c490bf75-477c-48f9-bf3d-26a5be03e7ad,14130fb9-1690-4dbf-a7f6-bcae1da343d0,3.87,3.85,"2026-04-24 14:19:16.1778+00",
c69256b2-5e5a-4ecb-8d77-fd79be2e16ea,14130fb9-1690-4dbf-a7f6-bcae1da343d0,3.95,4.21,"2026-04-24 14:19:16.1778+00",
211a7269-b70a-4662-a985-ed590e9142c1,14130fb9-1690-4dbf-a7f6-bcae1da343d0,3.81,3.91,"2026-04-24 14:19:16.1778+00",
9a9ae8ef-9b0a-4c0a-b40a-27b0416957dd,14130fb9-1690-4dbf-a7f6-bcae1da343d0,4.30,3.80,"2026-04-24 14:19:16.1778+00",
784b8a3e-701e-4778-b161-e80438a534fc,14130fb9-1690-4dbf-a7f6-bcae1da343d0,2.30,3.73,"2026-04-24 14:19:16.1778+00",
a8175f68-60d4-4605-9592-914cd0934355,14130fb9-1690-4dbf-a7f6-bcae1da343d0,4.21,3.33,"2026-04-24 14:19:16.1778+00",
a7079382-bfca-4df3-891c-264acaee7aef,14130fb9-1690-4dbf-a7f6-bcae1da343d0,4.29,3.93,"2026-04-24 14:19:16.1778+00",
2cd5eec7-61a0-4d4a-92ce-fd08be6a2b3e,14130fb9-1690-4dbf-a7f6-bcae1da343d0,4.65,4.45,"2026-04-24 14:19:16.1778+00",
cd3a5985-73e3-4d9c-ab4e-8c6e00a4b6b6,14130fb9-1690-4dbf-a7f6-bcae1da343d0,4.71,2.14,"2026-04-24 14:19:16.1778+00",
1dbc5bf5-4426-4c37-8fa2-9d6fc8c1614d,14130fb9-1690-4dbf-a7f6-bcae1da343d0,3.24,3.39,"2026-04-24 14:19:16.1778+00",
d8e062a5-c5b5-4964-ab27-c7553bc81c19,14130fb9-1690-4dbf-a7f6-bcae1da343d0,2.36,3.36,"2026-04-24 14:19:16.1778+00",
8d583611-2581-4218-88a2-caa138f41a7d,14130fb9-1690-4dbf-a7f6-bcae1da343d0,4.46,2.08,"2026-04-24 14:19:16.1778+00",
78e78286-ebea-4d1f-80c7-06c6a722318e,14130fb9-1690-4dbf-a7f6-bcae1da343d0,4.63,3.05,"2026-04-24 14:19:16.1778+00",
f78d6e9d-9bad-4feb-b21f-dd45a7173be4,14130fb9-1690-4dbf-a7f6-bcae1da343d0,4.25,3.09,"2026-04-24 14:19:16.1778+00",
3ff85889-30b1-408f-bf4c-878b6d64cdcd,14130fb9-1690-4dbf-a7f6-bcae1da343d0,3.36,2.10,"2026-04-24 14:19:16.1778+00",
c3639a8c-b7c7-4a46-88a9-0e2a499aafaf,14130fb9-1690-4dbf-a7f6-bcae1da343d0,2.44,4.07,"2026-04-24 14:19:16.1778+00",
76baad34-08f9-4802-9ffb-c405c077d17c,14130fb9-1690-4dbf-a7f6-bcae1da343d0,4.27,3.63,"2026-04-24 14:19:16.1778+00",
7146bcec-d1f0-4316-808c-ee16ff366a40,14130fb9-1690-4dbf-a7f6-bcae1da343d0,3.21,4.03,"2026-04-24 14:19:16.1778+00",
af69af6a-cb75-4040-b677-ec87b9206f3b,14130fb9-1690-4dbf-a7f6-bcae1da343d0,4.90,2.64,"2026-04-24 14:19:16.1778+00",
e1e7a261-eff5-4cc6-8bc3-77e0b488f4dd,14130fb9-1690-4dbf-a7f6-bcae1da343d0,2.29,2.11,"2026-04-24 14:19:16.1778+00",
c406d689-b008-4aa8-b47c-3fa709a51be5,14130fb9-1690-4dbf-a7f6-bcae1da343d0,3.36,2.46,"2026-04-24 14:19:16.1778+00",
3fd8bc85-4abc-4d97-a2be-6428b2a50e72,14130fb9-1690-4dbf-a7f6-bcae1da343d0,3.14,4.43,"2026-04-24 14:19:16.1778+00",
5f5c812d-ccb4-4d12-b40d-09164cfcafe2,14130fb9-1690-4dbf-a7f6-bcae1da343d0,3.17,2.49,"2026-04-24 14:19:16.1778+00",
d1c75475-a9b2-4baa-8e56-0c54aca5fc30,14130fb9-1690-4dbf-a7f6-bcae1da343d0,3.68,3.19,"2026-04-24 14:19:16.1778+00",
280dd5dc-0015-4f8b-9ac5-6d19e8499ad2,14130fb9-1690-4dbf-a7f6-bcae1da343d0,2.82,2.65,"2026-04-24 14:19:16.1778+00",
c38f43ff-c85c-41a1-babf-7a0e0eaec900,14130fb9-1690-4dbf-a7f6-bcae1da343d0,4.13,3.89,"2026-04-24 14:19:16.1778+00",
d4833cd2-245f-4024-8470-5c5600643d38,14130fb9-1690-4dbf-a7f6-bcae1da343d0,2.58,2.07,"2026-04-24 14:19:16.1778+00",
7b950119-9084-4764-ac43-83efbc402da3,14130fb9-1690-4dbf-a7f6-bcae1da343d0,4.46,2.76,"2026-04-24 14:19:16.1778+00",
6ec05e0f-c2e4-416f-815f-c1c14fb76f37,14130fb9-1690-4dbf-a7f6-bcae1da343d0,3.75,4.25,"2026-04-24 14:19:16.1778+00",
bede56c8-99b8-4159-b2a1-8daf219cdad1,14130fb9-1690-4dbf-a7f6-bcae1da343d0,3.11,3.89,"2026-04-24 14:19:16.1778+00",
dcb057d3-02c7-4184-bf4b-9a1291155178,14130fb9-1690-4dbf-a7f6-bcae1da343d0,2.92,3.87,"2026-04-24 14:19:16.1778+00",
a86cc463-8e0e-4792-9816-91546127fcd0,14130fb9-1690-4dbf-a7f6-bcae1da343d0,3.67,4.06,"2026-04-24 14:19:16.1778+00",
173944bf-3ee7-4ce1-a770-985cec3ffb23,14130fb9-1690-4dbf-a7f6-bcae1da343d0,3.36,4.32,"2026-04-24 14:19:16.1778+00",
a3d747e6-c258-4e49-bdc6-28986cb2d50c,14130fb9-1690-4dbf-a7f6-bcae1da343d0,3.00,2.93,"2026-04-24 14:19:16.1778+00",
d9168838-8a23-4235-b4e5-12d55b5b1b95,14130fb9-1690-4dbf-a7f6-bcae1da343d0,4.01,3.39,"2026-04-24 14:19:16.1778+00",
4fc596c2-4455-4445-b7bc-6e4efc01e3c8,14130fb9-1690-4dbf-a7f6-bcae1da343d0,4.50,3.18,"2026-04-24 14:19:16.1778+00",
b37825f1-9c13-494d-963e-f0724cf62333,14130fb9-1690-4dbf-a7f6-bcae1da343d0,4.14,3.38,"2026-04-24 14:19:16.1778+00",
fabcf54f-7065-4c18-8821-01a428ca1fe5,14130fb9-1690-4dbf-a7f6-bcae1da343d0,3.91,2.62,"2026-04-24 14:19:16.1778+00",
808f8482-4028-47be-b9c0-e6ddab448149,14130fb9-1690-4dbf-a7f6-bcae1da343d0,3.55,3.62,"2026-04-24 14:19:16.1778+00",
ab419460-faeb-43cc-abc2-81f1f2744433,14130fb9-1690-4dbf-a7f6-bcae1da343d0,3.82,3.04,"2026-04-24 14:19:16.1778+00",
f3d58f37-6564-495b-89c7-78db83a11cbd,14130fb9-1690-4dbf-a7f6-bcae1da343d0,2.27,2.66,"2026-04-24 14:19:16.1778+00",
3e0655c2-7563-4ade-8950-2748e5832fc4,14130fb9-1690-4dbf-a7f6-bcae1da343d0,4.27,3.60,"2026-04-24 14:19:16.1778+00",
e31355a8-efe0-44f8-ab91-cd9ce3e505b3,14130fb9-1690-4dbf-a7f6-bcae1da343d0,3.28,3.95,"2026-04-24 14:19:16.1778+00",
29d30b47-5163-4fc3-aaf2-32f8c61546ea,14130fb9-1690-4dbf-a7f6-bcae1da343d0,3.64,2.88,"2026-04-24 14:19:16.1778+00",
f2799ca8-5006-493a-a07f-27872754cb06,14130fb9-1690-4dbf-a7f6-bcae1da343d0,4.22,2.54,"2026-04-24 14:19:16.1778+00",
7199fb07-11df-42ce-a8bb-66faa6e4b4e8,14130fb9-1690-4dbf-a7f6-bcae1da343d0,3.92,2.94,"2026-04-24 14:19:16.1778+00",
47832baf-09a5-41e4-a04e-1800e4992023,14130fb9-1690-4dbf-a7f6-bcae1da343d0,3.75,2.56,"2026-04-24 14:19:16.1778+00",
3fd311e5-98f7-4fc7-a87f-67ea7d74b0ff,14130fb9-1690-4dbf-a7f6-bcae1da343d0,3.17,3.57,"2026-04-24 14:19:16.1778+00",
5755926d-5c91-40a7-a014-1dd3ff5b0e7f,14130fb9-1690-4dbf-a7f6-bcae1da343d0,4.19,3.36,"2026-04-24 14:19:16.1778+00",
17151384-2f76-4483-a8af-19b9fad566af,14130fb9-1690-4dbf-a7f6-bcae1da343d0,3.65,3.88,"2026-04-24 14:19:16.1778+00",
0d7c2088-d8aa-4f54-84fd-446f96f2b967,14130fb9-1690-4dbf-a7f6-bcae1da343d0,4.08,3.00,"2026-04-24 14:19:16.1778+00",
ceeafa62-beca-4fbf-9514-039445cdfe26,14130fb9-1690-4dbf-a7f6-bcae1da343d0,3.94,2.09,"2026-04-24 14:19:16.1778+00",
8d420f57-c4af-43aa-928d-17e088cae7e6,14130fb9-1690-4dbf-a7f6-bcae1da343d0,4.57,2.26,"2026-04-24 14:19:16.1778+00",
e9c96149-cd44-4300-9301-c9549822d40b,14130fb9-1690-4dbf-a7f6-bcae1da343d0,2.46,2.01,"2026-04-24 14:19:16.1778+00",
5d03b169-2dcc-41bc-84c5-632edba657d2,14130fb9-1690-4dbf-a7f6-bcae1da343d0,2.54,3.88,"2026-04-24 14:19:16.1778+00",
9518912a-c13d-4d18-92ac-882f5e685aa3,14130fb9-1690-4dbf-a7f6-bcae1da343d0,3.32,1.91,"2026-04-24 14:19:16.1778+00",
57bfb7f8-bd54-4664-933a-9ab568c22674,14130fb9-1690-4dbf-a7f6-bcae1da343d0,2.54,2.15,"2026-04-24 14:19:16.1778+00",
975ebd77-cfb9-44d4-a895-e36fd185eed8,14130fb9-1690-4dbf-a7f6-bcae1da343d0,3.16,2.02,"2026-04-24 14:19:16.1778+00",
e12fb0e8-db06-41e6-924e-65d0e6917b76,14130fb9-1690-4dbf-a7f6-bcae1da343d0,2.45,3.42,"2026-04-24 14:19:16.1778+00",
025b9950-be74-46b3-b0cc-62abe14d4e29,14130fb9-1690-4dbf-a7f6-bcae1da343d0,3.86,3.05,"2026-04-24 14:19:16.1778+00",
3f5b3143-7e05-4331-9573-566939ccddd1,14130fb9-1690-4dbf-a7f6-bcae1da343d0,3.73,2.63,"2026-04-24 14:19:16.1778+00",
65cdad92-33f7-4633-a5f0-8c503eb0fdad,14130fb9-1690-4dbf-a7f6-bcae1da343d0,3.80,3.72,"2026-04-24 14:19:16.1778+00",
d18b107e-2d74-4628-bb34-28ae3b801250,14130fb9-1690-4dbf-a7f6-bcae1da343d0,3.58,4.08,"2026-04-24 14:19:16.1778+00",
8bf3edd4-5147-4b96-b4d7-cfd5eaedea4d,14130fb9-1690-4dbf-a7f6-bcae1da343d0,3.49,2.77,"2026-04-24 14:19:16.1778+00",
71bd6f41-bed0-4392-b896-cf981b67f234,14130fb9-1690-4dbf-a7f6-bcae1da343d0,3.79,3.61,"2026-04-24 14:19:16.1778+00",
c0c5db4f-4a1e-4e01-b83e-b758a41816d3,14130fb9-1690-4dbf-a7f6-bcae1da343d0,3.72,3.96,"2026-04-24 14:19:16.1778+00",
f82ea602-9ba1-4eb3-ad97-5c3f0179831e,14130fb9-1690-4dbf-a7f6-bcae1da343d0,2.48,4.33,"2026-04-24 14:19:16.1778+00",
10deb5a9-1906-4fd3-8e87-9308b51e8643,14130fb9-1690-4dbf-a7f6-bcae1da343d0,4.45,3.27,"2026-04-24 14:19:16.1778+00",
40542304-275f-4ffd-8d4f-3f7d8e5cdf10,14130fb9-1690-4dbf-a7f6-bcae1da343d0,4.57,3.61,"2026-04-24 14:19:16.1778+00",
c6c76106-299e-4de2-87ec-12810c764fb5,14130fb9-1690-4dbf-a7f6-bcae1da343d0,4.12,2.96,"2026-04-24 14:19:16.1778+00",
619a12bb-2cdf-49e7-969d-b9f75a25f41a,14130fb9-1690-4dbf-a7f6-bcae1da343d0,3.38,1.81,"2026-04-24 14:19:16.1778+00",
76f72cfd-2204-4bbe-accf-dcf7fc3f6231,14130fb9-1690-4dbf-a7f6-bcae1da343d0,4.49,3.95,"2026-04-24 14:19:16.1778+00",
a9e3b437-5e55-4fce-8368-d445b6fd30bb,14130fb9-1690-4dbf-a7f6-bcae1da343d0,3.58,4.55,"2026-04-24 14:19:16.1778+00",
06189ab2-8310-4cd1-9e39-6070df293c13,14130fb9-1690-4dbf-a7f6-bcae1da343d0,3.45,3.93,"2026-04-24 14:19:16.1778+00",
94212368-5a0b-46fb-b619-d69ab1411f0f,14130fb9-1690-4dbf-a7f6-bcae1da343d0,3.52,3.83,"2026-04-24 14:19:16.1778+00",
e7fb57a6-beda-438f-bafe-1f4d92b49929,14130fb9-1690-4dbf-a7f6-bcae1da343d0,3.46,4.25,"2026-04-24 14:19:16.1778+00",
6d04c507-a466-44ba-98b3-d3b5ea4277f0,14130fb9-1690-4dbf-a7f6-bcae1da343d0,3.89,4.31,"2026-04-24 14:19:16.1778+00",
a286cfe4-b605-40d4-858b-32969e090954,14130fb9-1690-4dbf-a7f6-bcae1da343d0,4.65,3.29,"2026-04-24 14:19:16.1778+00",
66541f2d-6ccc-4c73-a7c6-a92df9d6bf25,14130fb9-1690-4dbf-a7f6-bcae1da343d0,3.23,2.83,"2026-04-24 14:19:16.1778+00",
5f7e1d7e-eed7-4a74-b199-d9862d92e339,14130fb9-1690-4dbf-a7f6-bcae1da343d0,3.28,4.23,"2026-04-24 14:19:16.1778+00",
c807e47e-a67d-4761-afdc-59120330fd07,14130fb9-1690-4dbf-a7f6-bcae1da343d0,3.21,2.88,"2026-04-24 14:19:16.1778+00",
dcef4f1f-6451-496b-8333-a9d43e6e7d57,14130fb9-1690-4dbf-a7f6-bcae1da343d0,2.33,3.35,"2026-04-24 14:19:16.1778+00",